"displayname","registryname","displayversion","installdate","installedfor","installlocation","publisher","uninstallstring","modifypath","comments","urlinfoabout","urlupdateinfo","helplink","installsource","releasetype","displayicon","estimatedsize","registrytime","installfoldercreatedtime","installfoldermodifiedtime"
﻿"Git","Git_is1","2.41.0.3","20230720","All User 64-bit","C:\Program Files\Git\","The Git Development Community"," "," "," ","https://gitforwindows.org/"," ","https://github.com/git-for-windows/git/wiki/Contact"," "," ","C:\Program Files\Git\mingw64\share\git\git-for-windows.ico","327041","1689832096","1689752681","1689832101"
﻿"Microsoft Visual Studio 2010 Tools for Office Runtime (x64)","Microsoft Visual Studio 2010 Tools for Office Runtime (x64)","10.0.31125"," ","All User 64-bit","c:\Program Files\Common Files\Microsoft Shared\VSTO\10.0\","Microsoft Corporation"," "," "," "," ","http://go.microsoft.com/fwlink/?LinkId=133408","http://go.microsoft.com/fwlink/?LinkId=133405"," "," ","msiexec.exe","0","1688627443","1688627442","1688627442"
﻿"VMware Tools","{01767101-A688-4A95-9C83-6DED9EB6735D}","10.3.10.12406962","20230714","All User 64-bit","C:\Program Files\VMware\VMware Tools\","VMware, Inc.","MsiExec.exe /I{01767101-A688-4A95-9C83-6DED9EB6735D}","MsiExec.exe /I{01767101-A688-4A95-9C83-6DED9EB6735D}","Build "," "," "," ","C:\Program Files\Common Files\VMware\InstallerCache\"," "," ","80480","1689319612","1689319574","1689319576"
﻿"Go Programming Language amd64 go1.20.5","{0560AA7F-FBA7-4FF6-A1EA-DF4F1DD19E6B}","1.20.5","20230630","All User 64-bit"," ","https://go.dev","MsiExec.exe /X{0560AA7F-FBA7-4FF6-A1EA-DF4F1DD19E6B}","MsiExec.exe /X{0560AA7F-FBA7-4FF6-A1EA-DF4F1DD19E6B}","The Go programming language is a fast, statically typed, compiled language that feels like a dynamically typed, interpreted language.","https://go.dev"," "," ","C:\Users\test\Downloads\"," "," ","280506","1688105649","NULL","NULL"
﻿"Microsoft SQL Server 2012 Transact-SQL ScriptDom ","{0E8670B8-3965-4930-ADA6-570348B67153}","11.0.2100.60","20230706","All User 64-bit"," ","Microsoft Corporation","MsiExec.exe /I{0E8670B8-3965-4930-ADA6-570348B67153}","MsiExec.exe /I{0E8670B8-3965-4930-ADA6-570348B67153}"," "," "," "," ","C:\ProgramData\Package Cache\{0E8670B8-3965-4930-ADA6-570348B67153}v11.0.2100.60\packages\SqlDom_amd64\"," "," ","4636","1688627175","NULL","NULL"
﻿"Visual Studio 2012 Prerequisites - ENU Language Pack","{13417784-A359-3CDD-8DE1-B7108707D647}","11.0.50727","20230706","All User 64-bit"," ","Microsoft Corporation","MsiExec.exe /X{13417784-A359-3CDD-8DE1-B7108707D647}","MsiExec.exe /X{13417784-A359-3CDD-8DE1-B7108707D647}"," "," "," "," ","C:\ProgramData\Package Cache\{13417784-A359-3CDD-8DE1-B7108707D647}v11.0.50727\packages\64bitPrereq\x64\"," "," ","28","1688627065","NULL","NULL"
﻿"Microsoft SQL Server 2012 Express LocalDB ","{13D558FE-A863-402C-B115-160007277033}","11.0.2100.60","20230706","All User 64-bit"," ","Microsoft Corporation","MsiExec.exe /I{13D558FE-A863-402C-B115-160007277033}","MsiExec.exe /I{13D558FE-A863-402C-B115-160007277033}"," "," "," "," ","C:\ProgramData\Package Cache\{13D558FE-A863-402C-B115-160007277033}v11.0.2100.60\packages\sqllocaldb_amd64\"," "," ","161600","1688627500","NULL","NULL"
﻿"Python 3.11.4 Development Libraries (64-bit)","{1C6E1CE6-CA4E-4B38-BAFF-32BD94DBFFEF}","3.11.4150.0","20230630","All User 64-bit"," ","Python Software Foundation","MsiExec.exe /I{1C6E1CE6-CA4E-4B38-BAFF-32BD94DBFFEF}","MsiExec.exe /I{1C6E1CE6-CA4E-4B38-BAFF-32BD94DBFFEF}"," "," "," "," ","C:\Users\test\AppData\Local\Package Cache\{1C6E1CE6-CA4E-4B38-BAFF-32BD94DBFFEF}v3.11.4150.0\"," "," ","1752","1688106529","NULL","NULL"
﻿"DiagnosticsHub_CollectionService","{1F3C3AAC-9F7A-47DA-A082-0ACE770041BE}","16.1.28901","20230706","All User 64-bit"," ","Microsoft Corporation","MsiExec.exe /I{1F3C3AAC-9F7A-47DA-A082-0ACE770041BE}","MsiExec.exe /I{1F3C3AAC-9F7A-47DA-A082-0ACE770041BE}"," "," "," "," ","C:\ProgramData\Microsoft\VisualStudio\Packages\Microsoft.DiagnosticsHub.Collection.Service,version=16.1.28901.1,chip=x64\"," "," ","1274","1688629216","NULL","NULL"
﻿"Microsoft Visual Studio 2010 Tools for Office Runtime (x64)","{24C3AEE0-4BCE-3190-8EE0-BBA0BF72CAC1}","10.0.31130","20230706","All User 64-bit"," ","Microsoft Corporation","MsiExec.exe /X{24C3AEE0-4BCE-3190-8EE0-BBA0BF72CAC1}","MsiExec.exe /X{24C3AEE0-4BCE-3190-8EE0-BBA0BF72CAC1}"," "," "," "," ","c:\a01ca53a1cd3d05d81\"," "," ","8612","1688627443","NULL","NULL"
﻿"Windows Software Development Kit for Windows Store Apps DirectX x64 Remote","{27EF252D-800C-ED42-9904-459FE0046225}","8.59.25584","20230706","All User 64-bit"," ","Microsoft Corporation","MsiExec.exe /I{27EF252D-800C-ED42-9904-459FE0046225}","MsiExec.exe /I{27EF252D-800C-ED42-9904-459FE0046225}"," "," "," "," ","C:\ProgramData\Package Cache\{27EF252D-800C-ED42-9904-459FE0046225}v8.59.25584\packages\Windows_SDK\"," "," ","2136","1688627478","NULL","NULL"
﻿"icecap_collection_x64","{289873DF-80D0-4D7D-8068-D25D342A26FA}","16.10.31306","20230706","All User 64-bit"," ","Microsoft Corporation","MsiExec.exe /I{289873DF-80D0-4D7D-8068-D25D342A26FA}","MsiExec.exe /I{289873DF-80D0-4D7D-8068-D25D342A26FA}"," "," "," "," ","C:\ProgramData\Microsoft\VisualStudio\Packages\Microsoft.Icecap.Collection.Msi.Targeted,version=16.10.31306.167,chip=x64\"," "," ","4561","1688629219","NULL","NULL"
﻿"Microsoft Visual C++ 2012 x64 Debug Runtime - 11.0.50727","{2B997E80-3BEC-3222-9114-98DBE1182B2E}","11.0.50727","20230706","All User 64-bit"," ","Microsoft Corporation","MsiExec.exe /X{2B997E80-3BEC-3222-9114-98DBE1182B2E}","MsiExec.exe /X{2B997E80-3BEC-3222-9114-98DBE1182B2E}","Caution. Removing this product might prevent some applications from running."," "," "," ","C:\ProgramData\Package Cache\{2B997E80-3BEC-3222-9114-98DBE1182B2E}v11.0.50727\packages\vcRuntimeDebug_amd64\"," "," ","26644","1688627059","NULL","NULL"
﻿"Microsoft SQL Server 2012 Data-Tier App Framework ","{36E619BC-A234-4EC3-849B-779A7C865A45}","11.0.2316.0","20230706","All User 64-bit"," ","Microsoft Corporation","MsiExec.exe /I{36E619BC-A234-4EC3-849B-779A7C865A45}","MsiExec.exe /I{36E619BC-A234-4EC3-849B-779A7C865A45}"," "," "," "," ","C:\ProgramData\Package Cache\{36E619BC-A234-4EC3-849B-779A7C865A45}v11.0.2316.0\packages\dac_amd64\"," "," ","24088","1688627360","NULL","NULL"
﻿"Microsoft Visual C++ 2012 x64 Additional Runtime - 11.0.61030","{37B8F9C7-03FB-3253-8781-2517C99D7C00}","11.0.61030","20230706","All User 64-bit"," ","Microsoft Corporation","MsiExec.exe /X{37B8F9C7-03FB-3253-8781-2517C99D7C00}","MsiExec.exe /X{37B8F9C7-03FB-3253-8781-2517C99D7C00}","Caution. Removing this product might prevent some applications from running."," "," "," ","C:\ProgramData\Package Cache\{37B8F9C7-03FB-3253-8781-2517C99D7C00}v11.0.61030\packages\vcRuntimeAdditional_amd64\"," "," ","12272","1688626745","NULL","NULL"
﻿"Microsoft SQL Server System CLR Types (x64)","{4701DEDE-1888-49E0-BAE5-857875924CA2}","10.50.1600.1","20230706","All User 64-bit"," ","Microsoft Corporation","MsiExec.exe /I{4701DEDE-1888-49E0-BAE5-857875924CA2}","MsiExec.exe /I{4701DEDE-1888-49E0-BAE5-857875924CA2}"," "," "," "," ","C:\ProgramData\Package Cache\{4701DEDE-1888-49E0-BAE5-857875924CA2}v10.50.1600.1\packages\SQLSysClrTypes10_amd64\"," "," ","3212","1688627512","NULL","NULL"
﻿"Microsoft SQL Server 2012 Native Client ","{49D665A2-4C2A-476E-9AB8-FCC425F526FC}","11.0.2100.60","20230706","All User 64-bit"," ","Microsoft Corporation","MsiExec.exe /I{49D665A2-4C2A-476E-9AB8-FCC425F526FC}","MsiExec.exe /I{49D665A2-4C2A-476E-9AB8-FCC425F526FC}"," "," "," "," ","C:\ProgramData\Package Cache\{49D665A2-4C2A-476E-9AB8-FCC425F526FC}v11.0.2100.60\packages\sqlncli_amd64\"," "," ","9940","1688627179","NULL","NULL"
﻿"Python 3.11.4 Test Suite (64-bit)","{52DE4CC1-22CF-498B-B50F-E66877E4850B}","3.11.4150.0","20230630","All User 64-bit"," ","Python Software Foundation","MsiExec.exe /I{52DE4CC1-22CF-498B-B50F-E66877E4850B}","MsiExec.exe /I{52DE4CC1-22CF-498B-B50F-E66877E4850B}"," "," "," "," ","C:\Users\test\AppData\Local\Package Cache\{52DE4CC1-22CF-498B-B50F-E66877E4850B}v3.11.4150.0\"," "," ","25948","1688106540","NULL","NULL"
﻿"Microsoft Visual Studio 2010 Office Developer Tools (x64)","{572E796D-C52B-3797-A685-2FB6F895D4BE}","11.0.50727","20230706","All User 64-bit"," ","Microsoft Corporation","MsiExec.exe /X{572E796D-C52B-3797-A685-2FB6F895D4BE}","MsiExec.exe /X{572E796D-C52B-3797-A685-2FB6F895D4BE}"," "," "," "," ","C:\ProgramData\Package Cache\{572E796D-C52B-3797-A685-2FB6F895D4BE}v11.0.50727\packages\VSTO\"," "," ","44468","1688627451","NULL","NULL"
﻿"Windows Software Development Kit DirectX x64 Remote","{5FB4C443-6BD6-1514-2717-3827D65AE6FB}","8.59.25584","20230706","All User 64-bit"," ","Microsoft Corporation","MsiExec.exe /I{5FB4C443-6BD6-1514-2717-3827D65AE6FB}","MsiExec.exe /I{5FB4C443-6BD6-1514-2717-3827D65AE6FB}"," "," "," "," ","C:\ProgramData\Package Cache\{5FB4C443-6BD6-1514-2717-3827D65AE6FB}v8.59.25584\packages\Windows_SDK\"," "," ","2160","1688627470","NULL","NULL"
﻿"Visual Studio 2012 Prerequisites","{61862D7C-CDBC-48D5-8AE1-3B8BD1E23BC5}","11.0.50727","20230706","All User 64-bit"," ","Microsoft Corporation","MsiExec.exe /X{61862D7C-CDBC-48D5-8AE1-3B8BD1E23BC5}","MsiExec.exe /X{61862D7C-CDBC-48D5-8AE1-3B8BD1E23BC5}"," "," "," "," ","C:\ProgramData\Package Cache\{61862D7C-CDBC-48D5-8AE1-3B8BD1E23BC5}v11.0.50727\packages\64bitPrereq\x64\"," "," ","5336","1688627064","NULL","NULL"
﻿"Microsoft Visual Studio 2012 Performance Collection Tools","{633AB014-DDE6-403E-A302-8920CC32C543}","11.0.50727","20230706","All User 64-bit"," ","Microsoft Corporation","MsiExec.exe /I{633AB014-DDE6-403E-A302-8920CC32C543}","MsiExec.exe /I{633AB014-DDE6-403E-A302-8920CC32C543}"," "," "," "," ","C:\ProgramData\Package Cache\{633AB014-DDE6-403E-A302-8920CC32C543}v11.0.50727\packages\PerformanceCollectionTools\"," "," ","28124","1688627345","NULL","NULL"
﻿"Microsoft Visual Studio Team Foundation Server 2012 Object Model Language Pack - ENU","{68A48EF1-DF03-394F-AF40-1E4FE42BB8DD}","11.0.50727","20230706","All User 64-bit"," ","Microsoft Corporation","MsiExec.exe /I{68A48EF1-DF03-394F-AF40-1E4FE42BB8DD}","MsiExec.exe /I{68A48EF1-DF03-394F-AF40-1E4FE42BB8DD}"," "," "," "," ","C:\ProgramData\Package Cache\{68A48EF1-DF03-394F-AF40-1E4FE42BB8DD}v11.0.50727\packages\TFSObjectModelLP\x64\"," "," ","756","1688627137","NULL","NULL"
﻿"Microsoft Visual Studio Team Foundation Server 2012 Object Model","{6F07A6C2-9068-3673-A120-DC10012468C6}","11.0.50727","20230706","All User 64-bit"," ","Microsoft Corporation","MsiExec.exe /I{6F07A6C2-9068-3673-A120-DC10012468C6}","MsiExec.exe /I{6F07A6C2-9068-3673-A120-DC10012468C6}"," "," "," "," ","C:\ProgramData\Package Cache\{6F07A6C2-9068-3673-A120-DC10012468C6}v11.0.50727\packages\TFSObjectModel\x64\"," "," ","14760","1688627126","NULL","NULL"
﻿"Microsoft Visual Studio Installer","{6F320B93-EE3C-4826-85E0-ADF79F8D4C61}","3.6.2115.31769","20230703","All User 64-bit",""C:\Program Files (x86)\Microsoft Visual Studio\Installer"","Microsoft Corporation"," "," "," "," "," "," "," "," ",""C:\Program Files (x86)\Microsoft Visual Studio\Installer\setup.exe"","0","1688626200","NULL","NULL"
﻿"vs_Graphics_Singletonx64","{76133D32-1325-48F3-929A-27EC7A323FBA}","16.10.31213","20230706","All User 64-bit"," ","Microsoft Corporation","MsiExec.exe /I{76133D32-1325-48F3-929A-27EC7A323FBA}","MsiExec.exe /I{76133D32-1325-48F3-929A-27EC7A323FBA}"," "," "," "," ","C:\ProgramData\Microsoft\VisualStudio\Packages\Microsoft.VisualStudio.Graphics.Msi,version=16.10.31213.239,chip=x64\"," "," ","4509","1688629244","NULL","NULL"
﻿"Python 3.11.4 Add to Path (64-bit)","{77489A51-D174-4D9A-BD61-C4883157BA60}","3.11.4150.0","20230630","All User 64-bit"," ","Python Software Foundation","MsiExec.exe /I{77489A51-D174-4D9A-BD61-C4883157BA60}","MsiExec.exe /I{77489A51-D174-4D9A-BD61-C4883157BA60}"," "," "," "," ","C:\Users\test\AppData\Local\Package Cache\{77489A51-D174-4D9A-BD61-C4883157BA60}v3.11.4150.0\"," "," ","48","1688106591","NULL","NULL"
﻿"Microsoft SQL Server Compact 4.0 SP1 x64 ENU","{78909610-D229-459C-A936-25D92283D3FD}","4.0.8876.1","20230706","All User 64-bit","C:\Program Files\Microsoft SQL Server Compact Edition\","Microsoft Corporation","MsiExec.exe /X{78909610-D229-459C-A936-25D92283D3FD}","MsiExec.exe /X{78909610-D229-459C-A936-25D92283D3FD}"," "," "," "," ","C:\Program Files (x86)\Microsoft SQL Server Compact Edition\Installer\"," "," ","21762","1688627504","1688627503","1688627503"
﻿"IIS 8.0 Express","{7BF61FA9-BDFB-4563-98AD-FCB0DA28CCC7}","8.0.1557","20230706","All User 64-bit"," ","Microsoft Corporation","MsiExec.exe /X{7BF61FA9-BDFB-4563-98AD-FCB0DA28CCC7}","MsiExec.exe /X{7BF61FA9-BDFB-4563-98AD-FCB0DA28CCC7}"," "," "," "," ","C:\ProgramData\Package Cache\{7BF61FA9-BDFB-4563-98AD-FCB0DA28CCC7}v8.0.1557\packages\IISExpress\"," "," ","36952","1688627390","NULL","NULL"
﻿"Python 3.11.4 Standard Library (64-bit)","{7EB8F17E-4AA7-4F9E-B908-42A28799523A}","3.11.4150.0","20230630","All User 64-bit"," ","Python Software Foundation","MsiExec.exe /I{7EB8F17E-4AA7-4F9E-B908-42A28799523A}","MsiExec.exe /I{7EB8F17E-4AA7-4F9E-B908-42A28799523A}"," "," "," "," ","C:\Users\test\AppData\Local\Package Cache\{7EB8F17E-4AA7-4F9E-B908-42A28799523A}v3.11.4150.0\"," "," ","26344","1688106533","NULL","NULL"
﻿"Microsoft Visual C++ 2019 X64 Additional Runtime - 14.29.30139","{7F4A9F52-173F-4B0D-B1EA-269C32EDA827}","14.29.30139","20230706","All User 64-bit"," ","Microsoft Corporation","MsiExec.exe /I{7F4A9F52-173F-4B0D-B1EA-269C32EDA827}","MsiExec.exe /I{7F4A9F52-173F-4B0D-B1EA-269C32EDA827}"," "," "," "," ","C:\ProgramData\Package Cache\{7F4A9F52-173F-4B0D-B1EA-269C32EDA827}v14.29.30139\packages\vcRuntimeAdditional_amd64\"," "," ","11728","1688629178","NULL","NULL"
﻿"Application Verifier x64 External Package","{8A4CD158-E6B3-6D91-D7DE-10098BC980E2}","10.1.19041.685","20230706","All User 64-bit"," ","Microsoft","MsiExec.exe /I{8A4CD158-E6B3-6D91-D7DE-10098BC980E2}","MsiExec.exe /I{8A4CD158-E6B3-6D91-D7DE-10098BC980E2}"," "," "," "," ","C:\ProgramData\Package Cache\{8A4CD158-E6B3-6D91-D7DE-10098BC980E2}v10.1.19041.685\Installers\"," "," ","7300","1688629333","NULL","NULL"
﻿"Python 3.11.4 Utility Scripts (64-bit)","{90A235DF-4CF1-415D-AD85-6AC578B5DFB4}","3.11.4150.0","20230630","All User 64-bit"," ","Python Software Foundation","MsiExec.exe /I{90A235DF-4CF1-415D-AD85-6AC578B5DFB4}","MsiExec.exe /I{90A235DF-4CF1-415D-AD85-6AC578B5DFB4}"," "," "," "," ","C:\Users\test\AppData\Local\Package Cache\{90A235DF-4CF1-415D-AD85-6AC578B5DFB4}v3.11.4150.0\"," "," ","732","1688106545","NULL","NULL"
﻿"Microsoft SQL Server 2012 Command Line Utilities ","{9D573E71-1077-4C7E-B4DB-4E22A5D2B48B}","11.0.2100.60","20230706","All User 64-bit"," ","Microsoft Corporation","MsiExec.exe /I{9D573E71-1077-4C7E-B4DB-4E22A5D2B48B}","MsiExec.exe /I{9D573E71-1077-4C7E-B4DB-4E22A5D2B48B}"," "," "," "," ","C:\ProgramData\Package Cache\{9D573E71-1077-4C7E-B4DB-4E22A5D2B48B}v11.0.2100.60\packages\sqlcmdlnutils_amd64\"," "," ","2440","1688627180","NULL","NULL"
﻿"IIS Express Application Compatibility Database for x64","{9f4f4a9b-eec5-4906-92fe-d1f43ccf5c8d}.sdb"," "," ","All User 64-bit"," "," ","%windir%\system32\sdbinst.exe -u "C:\Windows\AppPatch\CustomSDB\{9f4f4a9b-eec5-4906-92fe-d1f43ccf5c8d}.sdb""," "," "," "," "," "," "," "," ","0","1688627390","NULL","NULL"
﻿"Microsoft Visual C++ 2012 x64 Minimum Runtime - 11.0.50727","{A2CB1ACB-94A2-32BA-A15E-7D80319F7589}","11.0.50727","20230706","All User 64-bit"," ","Microsoft Corporation","MsiExec.exe /X{A2CB1ACB-94A2-32BA-A15E-7D80319F7589}","MsiExec.exe /X{A2CB1ACB-94A2-32BA-A15E-7D80319F7589}","Caution. Removing this product might prevent some applications from running."," "," "," ","C:\ProgramData\Package Cache\{A2CB1ACB-94A2-32BA-A15E-7D80319F7589}v11.0.50727\packages\vcRuntimeMinimum_amd64\"," "," ","152","1688627056","NULL","NULL"
﻿"Python 3.11.4 Tcl/Tk Support (64-bit)","{A32FE961-D579-4E46-B3D6-0B777F8F51E8}","3.11.4150.0","20230630","All User 64-bit"," ","Python Software Foundation","MsiExec.exe /I{A32FE961-D579-4E46-B3D6-0B777F8F51E8}","MsiExec.exe /I{A32FE961-D579-4E46-B3D6-0B777F8F51E8}"," "," "," "," ","C:\Users\test\AppData\Local\Package Cache\{A32FE961-D579-4E46-B3D6-0B777F8F51E8}v3.11.4150.0\"," "," ","16012","1688106553","NULL","NULL"
﻿"VS Script Debugging Common","{A4272808-82F5-410F-A5F9-1BF6F63F6B9A}","16.0.102.0","20230706","All User 64-bit"," ","Microsoft Corporation","MsiExec.exe /I{A4272808-82F5-410F-A5F9-1BF6F63F6B9A}","MsiExec.exe /I{A4272808-82F5-410F-A5F9-1BF6F63F6B9A}"," "," "," "," ","C:\ProgramData\Microsoft\VisualStudio\Packages\Microsoft.VisualStudio.Debugger.Script.Msi,version=16.10.31205.180,chip=x64\"," "," ","4586","1688629207","NULL","NULL"
﻿"Microsoft System CLR Types for SQL Server 2019 CTP2.2","{A5854188-0611-4C8A-98DC-B84B29207619}","15.0.1200.24","20230706","All User 64-bit"," ","Microsoft Corporation","MsiExec.exe /I{A5854188-0611-4C8A-98DC-B84B29207619}","MsiExec.exe /I{A5854188-0611-4C8A-98DC-B84B29207619}"," "," "," "," ","C:\ProgramData\Microsoft\VisualStudio\Packages\sqlsysclrtypes,version=16.0.62205.5200,chip=x64,language=zh-TW\"," "," ","6412","1688629190","NULL","NULL"
﻿"Microsoft Visual C++ 2019 X64 Debug Runtime - 14.29.30139","{A6BCA173-4218-4099-B36C-E12B3EE27B5D}","14.29.30139","20230706","All User 64-bit"," ","Microsoft Corporation","MsiExec.exe /I{A6BCA173-4218-4099-B36C-E12B3EE27B5D}","MsiExec.exe /I{A6BCA173-4218-4099-B36C-E12B3EE27B5D}"," "," "," "," ","C:\ProgramData\Microsoft\VisualStudio\Packages\Microsoft.VisualCpp.RuntimeDebug.14,version=14.29.30139,chip=x64\"," "," ","30242","1688629249","NULL","NULL"
﻿"Microsoft Visual C++ 2019 X64 Minimum Runtime - 14.29.30139","{A6D3F752-BF11-4D7C-B19C-F6F96A35CF50}","14.29.30139","20230706","All User 64-bit"," ","Microsoft Corporation","MsiExec.exe /I{A6D3F752-BF11-4D7C-B19C-F6F96A35CF50}","MsiExec.exe /I{A6D3F752-BF11-4D7C-B19C-F6F96A35CF50}"," "," "," "," ","C:\ProgramData\Package Cache\{A6D3F752-BF11-4D7C-B19C-F6F96A35CF50}v14.29.30139\packages\vcRuntimeMinimum_amd64\"," "," ","2172","1688629177","NULL","NULL"
﻿"Microsoft Web Deploy 3.0","{AA72C306-30BE-4BB1-9E42-59552BAD2CDF}","3.1236.1631","20230706","All User 64-bit"," ","Microsoft Corporation","MsiExec.exe /I{AA72C306-30BE-4BB1-9E42-59552BAD2CDF}","MsiExec.exe /I{AA72C306-30BE-4BB1-9E42-59552BAD2CDF}"," "," "," "," ","C:\ProgramData\Package Cache\{AA72C306-30BE-4BB1-9E42-59552BAD2CDF}v3.1236.1631\packages\WebDeploy\"," "," ","12144","1688627368","NULL","NULL"
﻿"Microsoft Visual C++ 2012 x64 Additional Runtime - 11.0.50727","{AC53FC8B-EE18-3F9C-9B59-60937D0B182C}","11.0.50727","20230706","All User 64-bit"," ","Microsoft Corporation","MsiExec.exe /X{AC53FC8B-EE18-3F9C-9B59-60937D0B182C}","MsiExec.exe /X{AC53FC8B-EE18-3F9C-9B59-60937D0B182C}","Caution. Removing this product might prevent some applications from running."," "," "," ","C:\ProgramData\Package Cache\{AC53FC8B-EE18-3F9C-9B59-60937D0B182C}v11.0.50727\packages\vcRuntimeAdditional_amd64\"," "," ","152","1688627057","NULL","NULL"
﻿"Microsoft Update Health Tools","{BB052C53-34CB-42DE-AF41-66FDFCEEC868}","3.72.0.0","20230630","All User 64-bit"," ","Microsoft Corporation","MsiExec.exe /X{BB052C53-34CB-42DE-AF41-66FDFCEEC868}","MsiExec.exe /X{BB052C53-34CB-42DE-AF41-66FDFCEEC868}"," "," "," "," ","C:\Windows\TEMP\4D1C5B11-E92C-44A1-9C97-A3E1F11525EF\"," "," ","1054","1688111409","NULL","NULL"
﻿"Microsoft SQL Server 2012 Transact-SQL Compiler Service ","{BEB0F91E-F2EA-48A1-B938-7857ABF2A93D}","11.0.2100.60","20230706","All User 64-bit"," ","Microsoft Corporation","MsiExec.exe /I{BEB0F91E-F2EA-48A1-B938-7857ABF2A93D}","MsiExec.exe /I{BEB0F91E-F2EA-48A1-B938-7857ABF2A93D}"," "," "," "," ","C:\ProgramData\Package Cache\{BEB0F91E-F2EA-48A1-B938-7857ABF2A93D}v11.0.2100.60\packages\Sqlls_amd64\"," "," ","89504","1688627178","NULL","NULL"
﻿"VS JIT Debugger","{C7E8A4F2-EF09-42A8-B892-69D5ED99D965}","16.0.102.0","20230706","All User 64-bit"," ","Microsoft Corporation","MsiExec.exe /I{C7E8A4F2-EF09-42A8-B892-69D5ED99D965}","MsiExec.exe /I{C7E8A4F2-EF09-42A8-B892-69D5ED99D965}"," "," "," "," ","C:\ProgramData\Microsoft\VisualStudio\Packages\Microsoft.VisualStudio.Debugger.JustInTime.Msi,version=16.10.31205.180,chip=x64\"," "," ","2163","1688629232","NULL","NULL"
﻿"Universal CRT Tools x64","{CD06199B-41C1-AE6D-7567-984CC68792C3}","10.1.19041.685","20230706","All User 64-bit"," ","Microsoft Corporation","MsiExec.exe /I{CD06199B-41C1-AE6D-7567-984CC68792C3}","MsiExec.exe /I{CD06199B-41C1-AE6D-7567-984CC68792C3}"," "," "," "," ","C:\ProgramData\Package Cache\{CD06199B-41C1-AE6D-7567-984CC68792C3}v10.1.19041.685\Installers\"," "," ","1804","1688629424","NULL","NULL"
﻿"Microsoft Visual C++ 2012 x64 Minimum Runtime - 11.0.61030","{CF2BEA3C-26EA-32F8-AA9B-331F7E34BA97}","11.0.61030","20230706","All User 64-bit"," ","Microsoft Corporation","MsiExec.exe /X{CF2BEA3C-26EA-32F8-AA9B-331F7E34BA97}","MsiExec.exe /X{CF2BEA3C-26EA-32F8-AA9B-331F7E34BA97}","Caution. Removing this product might prevent some applications from running."," "," "," ","C:\ProgramData\Package Cache\{CF2BEA3C-26EA-32F8-AA9B-331F7E34BA97}v11.0.61030\packages\vcRuntimeMinimum_amd64\"," "," ","2000","1688626744","NULL","NULL"
﻿"Windows App Certification Kit Native Components","{D2886D0B-F38D-EB07-2108-B6218761F8F9}","10.1.19041.685","20230706","All User 64-bit"," ","Microsoft Corporation","MsiExec.exe /I{D2886D0B-F38D-EB07-2108-B6218761F8F9}","MsiExec.exe /I{D2886D0B-F38D-EB07-2108-B6218761F8F9}"," "," "," "," ","C:\ProgramData\Package Cache\{D2886D0B-F38D-EB07-2108-B6218761F8F9}v10.1.19041.685\Installers\"," "," ","8020","1688629353","NULL","NULL"
﻿"Python 3.11.4 pip Bootstrap (64-bit)","{D86BDA9F-D389-445E-B3E6-C35EF9FD41C7}","3.11.4150.0","20230630","All User 64-bit"," ","Python Software Foundation","MsiExec.exe /I{D86BDA9F-D389-445E-B3E6-C35EF9FD41C7}","MsiExec.exe /I{D86BDA9F-D389-445E-B3E6-C35EF9FD41C7}"," "," "," "," ","C:\Users\test\AppData\Local\Package Cache\{D86BDA9F-D389-445E-B3E6-C35EF9FD41C7}v3.11.4150.0\"," "," ","268","1688106554","NULL","NULL"
﻿"Microsoft Visual C++ 2012  x64 Designtime - 11.0.50727","{D9F3D00D-E946-3B3D-A4A6-93D5020DB9F7}","11.0.50727","20230706","All User 64-bit"," ","Microsoft Corporation","MsiExec.exe /X{D9F3D00D-E946-3B3D-A4A6-93D5020DB9F7}","MsiExec.exe /X{D9F3D00D-E946-3B3D-A4A6-93D5020DB9F7}"," "," "," "," ","C:\ProgramData\Package Cache\{D9F3D00D-E946-3B3D-A4A6-93D5020DB9F7}v11.0.50727\packages\VCDesigntime\x64\"," "," ","152","1688627455","NULL","NULL"
﻿"Python 3.11.4 Executables (64-bit)","{DA4B94FB-D8BB-4DB9-85A7-FA5067A5CEDF}","3.11.4150.0","20230630","All User 64-bit"," ","Python Software Foundation","MsiExec.exe /I{DA4B94FB-D8BB-4DB9-85A7-FA5067A5CEDF}","MsiExec.exe /I{DA4B94FB-D8BB-4DB9-85A7-FA5067A5CEDF}"," "," "," "," ","C:\Users\test\AppData\Local\Package Cache\{DA4B94FB-D8BB-4DB9-85A7-FA5067A5CEDF}v3.11.4150.0\"," "," ","2080","1688106528","NULL","NULL"
﻿"Microsoft Web Platform Installer 4.0","{E2B8249D-895C-4685-8C83-00F3B1A13028}","4.0.1622","20230706","All User 64-bit"," ","Microsoft Corporation","MsiExec.exe /X{E2B8249D-895C-4685-8C83-00F3B1A13028}","MsiExec.exe /X{E2B8249D-895C-4685-8C83-00F3B1A13028}"," "," "," "," ","C:\ProgramData\Package Cache\{E2B8249D-895C-4685-8C83-00F3B1A13028}v4.0.1622\packages\WebPlatformInstaller\"," "," ","4232","1688627396","NULL","NULL"
﻿"Windows SDK DirectX x64 Remote","{EBD149F6-9F46-49E4-ED99-25D2A0ECDBBD}","10.1.19041.685","20230706","All User 64-bit"," ","Microsoft Corporation","MsiExec.exe /I{EBD149F6-9F46-49E4-ED99-25D2A0ECDBBD}","MsiExec.exe /I{EBD149F6-9F46-49E4-ED99-25D2A0ECDBBD}"," "," "," "," ","C:\ProgramData\Package Cache\{EBD149F6-9F46-49E4-ED99-25D2A0ECDBBD}v10.1.19041.685\Installers\"," "," ","488","1688629446","NULL","NULL"
﻿"Microsoft System CLR Types for SQL Server 2012 (x64)","{F1949145-EB64-4DE7-9D81-E6D27937146C}","11.0.2100.60","20230706","All User 64-bit"," ","Microsoft Corporation","MsiExec.exe /I{F1949145-EB64-4DE7-9D81-E6D27937146C}","MsiExec.exe /I{F1949145-EB64-4DE7-9D81-E6D27937146C}"," "," "," "," ","C:\ProgramData\Package Cache\{F1949145-EB64-4DE7-9D81-E6D27937146C}v11.0.2100.60\packages\SQLSysClrTypes_amd64\"," "," ","2828","1688627509","NULL","NULL"
﻿"Microsoft SQL Server 2012 Management Objects  (x64)","{FA0A244E-F3C2-4589-B42A-3D522DE79A42}","11.0.2100.60","20230706","All User 64-bit"," ","Microsoft Corporation","MsiExec.exe /I{FA0A244E-F3C2-4589-B42A-3D522DE79A42}","MsiExec.exe /I{FA0A244E-F3C2-4589-B42A-3D522DE79A42}"," "," "," "," ","C:\ProgramData\Package Cache\{FA0A244E-F3C2-4589-B42A-3D522DE79A42}v11.0.2100.60\packages\SharedManagementObjects_amd64\"," "," ","18652","1688627519","NULL","NULL"
﻿"Python 3.11.4 Documentation (64-bit)","{FABA3DAC-829C-4C83-BC27-F3AFFD27B465}","3.11.4150.0","20230630","All User 64-bit"," ","Python Software Foundation","MsiExec.exe /I{FABA3DAC-829C-4C83-BC27-F3AFFD27B465}","MsiExec.exe /I{FABA3DAC-829C-4C83-BC27-F3AFFD27B465}"," "," "," "," ","C:\Users\test\AppData\Local\Package Cache\{FABA3DAC-829C-4C83-BC27-F3AFFD27B465}v3.11.4150.0\"," "," ","49840","1688106543","NULL","NULL"
﻿"IIS Express Application Compatibility Database for x86","{fdfba1f3-74ae-4255-9c10-a0f552b4610f}.sdb"," "," ","All User 64-bit"," "," ","%windir%\system32\sdbinst.exe -u "C:\Windows\AppPatch\CustomSDB\{fdfba1f3-74ae-4255-9c10-a0f552b4610f}.sdb""," "," "," "," "," "," "," "," ","0","1688627390","NULL","NULL"
﻿"Microsoft Visual Studio 2012 Performance Collection Tools - ENU","{FE74AC04-F248-4641-B3A9-89C6AA4339CD}","11.0.50727","20230706","All User 64-bit"," ","Microsoft Corporation","MsiExec.exe /I{FE74AC04-F248-4641-B3A9-89C6AA4339CD}","MsiExec.exe /I{FE74AC04-F248-4641-B3A9-89C6AA4339CD}"," "," "," "," ","C:\ProgramData\Package Cache\{FE74AC04-F248-4641-B3A9-89C6AA4339CD}v11.0.50727\packages\PerformanceCollectionTools\"," "," ","684","1688627346","NULL","NULL"
﻿"Python 3.11.4 Core Interpreter (64-bit)","{FEF98C01-0C8A-4A0F-88AE-F164A787286C}","3.11.4150.0","20230630","All User 64-bit"," ","Python Software Foundation","MsiExec.exe /I{FEF98C01-0C8A-4A0F-88AE-F164A787286C}","MsiExec.exe /I{FEF98C01-0C8A-4A0F-88AE-F164A787286C}"," "," "," "," ","C:\Users\test\AppData\Local\Package Cache\{FEF98C01-0C8A-4A0F-88AE-F164A787286C}v3.11.4150.0\"," "," ","5680","1688106527","NULL","NULL"
﻿"Visual Studio Community 2019","efb93ab7","16.11.27","20230706","All User 32-bit","C:\Program Files (x86)\Microsoft Visual Studio\2019\Community","Microsoft Corporation"," "," "," "," "," "," "," "," ","C:\Program Files (x86)\Microsoft Visual Studio\2019\Community\Common7\IDE\devenv.exe","0","1688626269","1688626269","1688629259"
﻿"Microsoft Edge","Microsoft Edge","115.0.1901.200","20230809","All User 32-bit","C:\Program Files (x86)\Microsoft\Edge\Application","Microsoft Corporation"," "," "," "," "," "," "," "," ","C:\Program Files (x86)\Microsoft\Edge\Application\msedge.exe,0","0","1691584527","1628203306","1691646408"
﻿"Microsoft Edge Update","Microsoft Edge Update","1.3.177.11"," ","All User 32-bit"," "," "," "," "," "," "," "," "," "," "," ","0","1688686121","NULL","NULL"
﻿"Microsoft Edge WebView2 涥q","Microsoft EdgeWebView","115.0.1901.200","20230809","All User 32-bit","C:\Program Files (x86)\Microsoft\EdgeWebView\Application","Microsoft Corporation"," "," "," "," "," "," "," "," ","C:\Program Files (x86)\Microsoft\EdgeWebView\Application\115.0.1901.200\msedgewebview2.exe,0","0","1691584533","1688106692","1691584533"
﻿"Microsoft Help Viewer 2.0","Microsoft Help Viewer 2.0","2.0.50727"," ","All User 32-bit","C:\Program Files (x86)\Microsoft Help Viewer\v2.0\","Microsoft Corporation"," "," "," "," ","http://go.microsoft.com/fwlink/?LinkId=133408","http://go.microsoft.com/fwlink/?LinkId=133405"," "," ","C:\Windows\SysWOW64\msiexec.exe","12438","1688627524","1688627201","1688627524"
﻿"Microsoft NuGet - Visual Studio 2012","{00EC8ABC-3C5A-40F8-A8CB-E7DCD5ABFA05}","2.0.30625.9003","20230706","All User 32-bit"," ","Microsoft Corporation","MsiExec.exe /I{00EC8ABC-3C5A-40F8-A8CB-E7DCD5ABFA05}","MsiExec.exe /I{00EC8ABC-3C5A-40F8-A8CB-E7DCD5ABFA05}"," "," "," "," ","C:\ProgramData\Package Cache\{00EC8ABC-3C5A-40F8-A8CB-E7DCD5ABFA05}v2.0.30625.9003\packages\WPT\"," "," ","2564","1688627382","NULL","NULL"
﻿"vs_FileTracker_Singleton","{05CA3463-0B45-425D-9AF2-E1964AB85CBB}","16.10.31303","20230706","All User 32-bit"," ","Microsoft Corporation","MsiExec.exe /I{05CA3463-0B45-425D-9AF2-E1964AB85CBB}","MsiExec.exe /I{05CA3463-0B45-425D-9AF2-E1964AB85CBB}"," "," "," "," ","C:\ProgramData\Microsoft\VisualStudio\Packages\Microsoft.Build.FileTracker.Msi,version=16.10.31303.231\"," "," ","808","1688626297","NULL","NULL"
﻿"Windows SDK Desktop Tools arm64","{06E580FA-F3B2-08E9-4DC0-0AB55D985CBB}","10.1.19041.685","20230706","All User 32-bit"," ","Microsoft Corporation","MsiExec.exe /I{06E580FA-F3B2-08E9-4DC0-0AB55D985CBB}","MsiExec.exe /I{06E580FA-F3B2-08E9-4DC0-0AB55D985CBB}"," "," "," "," ","C:\ProgramData\Package Cache\{06E580FA-F3B2-08E9-4DC0-0AB55D985CBB}v10.1.19041.685\Installers\"," "," ","11836","1688629471","NULL","NULL"
﻿"Windows IoT Extension SDK","{084094EF-6AC9-480A-7CC1-04199047BBDD}","10.1.19041.685","20230706","All User 32-bit"," ","Microsoft Corporation","MsiExec.exe /I{084094EF-6AC9-480A-7CC1-04199047BBDD}","MsiExec.exe /I{084094EF-6AC9-480A-7CC1-04199047BBDD}"," "," "," "," ","C:\ProgramData\Package Cache\{084094EF-6AC9-480A-7CC1-04199047BBDD}v10.1.19041.685\Installers\"," "," ","372","1688629427","NULL","NULL"
﻿"Entity Framework Designer for Visual Studio 2012 - enu","{0A1A1D48-DB23-443A-BC7B-49255D138020}","11.1.20702.00","20230706","All User 32-bit"," ","Microsoft Corporation","MsiExec.exe /X{0A1A1D48-DB23-443A-BC7B-49255D138020}","MsiExec.exe /X{0A1A1D48-DB23-443A-BC7B-49255D138020}"," "," "," "," ","C:\ProgramData\Package Cache\{0A1A1D48-DB23-443A-BC7B-49255D138020}v11.1.20702.00\packages\EFTools\"," "," ","30400","1688627357","NULL","NULL"
﻿"WinRT Intellisense UAP - en-us","{0AF3B821-474B-1885-473A-6E3FB4F1CF71}","10.1.19041.685","20230706","All User 32-bit"," ","Microsoft Corporation","MsiExec.exe /I{0AF3B821-474B-1885-473A-6E3FB4F1CF71}","MsiExec.exe /I{0AF3B821-474B-1885-473A-6E3FB4F1CF71}"," "," "," "," ","C:\ProgramData\Package Cache\{0AF3B821-474B-1885-473A-6E3FB4F1CF71}v10.1.19041.685\Installers\"," "," ","12848","1688629424","NULL","NULL"
﻿"WCF Data Services 5.0 (for OData v3) Primary Components","{0BCC836F-0B28-4090-B58A-64883BAA3B2F}","5.0.50628.0","20230706","All User 32-bit"," ","Microsoft Corporation","MsiExec.exe /I{0BCC836F-0B28-4090-B58A-64883BAA3B2F}","MsiExec.exe /I{0BCC836F-0B28-4090-B58A-64883BAA3B2F}"," "," "," "," ","C:\ProgramData\Package Cache\{0BCC836F-0B28-4090-B58A-64883BAA3B2F}v5.0.50628.0\packages\WcfDataServices\"," "," ","10196","1688627369","NULL","NULL"
﻿"Windows SDK for Windows Store Apps DirectX x86 Remote","{0E2FEA3B-C853-DE2A-8A04-BB7D5BF010E0}","10.1.19041.685","20230706","All User 32-bit"," ","Microsoft Corporation","MsiExec.exe /I{0E2FEA3B-C853-DE2A-8A04-BB7D5BF010E0}","MsiExec.exe /I{0E2FEA3B-C853-DE2A-8A04-BB7D5BF010E0}"," "," "," "," ","C:\ProgramData\Package Cache\{0E2FEA3B-C853-DE2A-8A04-BB7D5BF010E0}v10.1.19041.685\Installers\"," "," ","4152","1688629446","NULL","NULL"
﻿"vs_filehandler_amd64","{102E83BD-B6A0-4C74-AD22-7D594A3435D3}","16.11.31503","20230706","All User 32-bit"," ","Microsoft Corporation","MsiExec.exe /I{102E83BD-B6A0-4C74-AD22-7D594A3435D3}","MsiExec.exe /I{102E83BD-B6A0-4C74-AD22-7D594A3435D3}"," "," "," "," ","C:\ProgramData\Microsoft\VisualStudio\Packages\Microsoft.VisualStudio.FileHandler.Msi,version=16.11.31503.54,chip=x64\"," "," ","2132","1688626284","NULL","NULL"
﻿"icecap_collection_neutral","{1036893D-9917-4E70-B96C-8D72A2B224BC}","16.10.31306","20230706","All User 32-bit"," ","Microsoft Corporation","MsiExec.exe /I{1036893D-9917-4E70-B96C-8D72A2B224BC}","MsiExec.exe /I{1036893D-9917-4E70-B96C-8D72A2B224BC}"," "," "," "," ","C:\ProgramData\Microsoft\VisualStudio\Packages\Microsoft.Icecap.Collection.Msi,version=16.10.31306.167\"," "," ","4097","1688629220","NULL","NULL"
﻿"WCF Data Services Tools for Microsoft Visual Studio 2012","{148878BD-A2A5-4CF1-A103-2BA632F41953}","5.0.50710.0","20230706","All User 32-bit"," ","Microsoft Corporation","MsiExec.exe /I{148878BD-A2A5-4CF1-A103-2BA632F41953}","MsiExec.exe /I{148878BD-A2A5-4CF1-A103-2BA632F41953}"," "," "," "," ","C:\ProgramData\Package Cache\{148878BD-A2A5-4CF1-A103-2BA632F41953}v5.0.50710.0\packages\WcfDataServices\"," "," ","21556","1688627372","NULL","NULL"
﻿"WinRT Intellisense PPI - en-us","{15E29AFF-CB19-A20B-9A81-B0765A63115F}","10.1.19041.685","20230706","All User 32-bit"," ","Microsoft Corporation","MsiExec.exe /I{15E29AFF-CB19-A20B-9A81-B0765A63115F}","MsiExec.exe /I{15E29AFF-CB19-A20B-9A81-B0765A63115F}"," "," "," "," ","C:\ProgramData\Package Cache\{15E29AFF-CB19-A20B-9A81-B0765A63115F}v10.1.19041.685\Installers\"," "," ","372","1688629426","NULL","NULL"
﻿"Microsoft Visual C++ 2019 X86 Minimum Runtime - 14.29.30139","{1679EF65-55F3-4248-B91E-6B3BE1A69CDF}","14.29.30139","20230706","All User 32-bit"," ","Microsoft Corporation","MsiExec.exe /I{1679EF65-55F3-4248-B91E-6B3BE1A69CDF}","MsiExec.exe /I{1679EF65-55F3-4248-B91E-6B3BE1A69CDF}"," "," "," "," ","C:\ProgramData\Package Cache\{1679EF65-55F3-4248-B91E-6B3BE1A69CDF}v14.29.30139\packages\vcRuntimeMinimum_x86\"," "," ","1736","1688629174","NULL","NULL"
﻿" Tools for .Net 3.5","{1690CE56-2231-4E59-9006-A0876D949EA8}","3.11.50727","20230706","All User 32-bit"," ","Microsoft Corporation","MsiExec.exe /X{1690CE56-2231-4E59-9006-A0876D949EA8}","MsiExec.exe /X{1690CE56-2231-4E59-9006-A0876D949EA8}"," "," "," "," ","C:\ProgramData\Package Cache\{1690CE56-2231-4E59-9006-A0876D949EA8}v3.11.50727\packages\sdk_tools35\"," "," ","15208","1688627493","NULL","NULL"
﻿"vs_minshellmsires","{16AF7214-E702-4042-BB08-6D9A3C790514}","16.10.31303","20230706","All User 32-bit"," ","Microsoft Corporation","MsiExec.exe /I{16AF7214-E702-4042-BB08-6D9A3C790514}","MsiExec.exe /I{16AF7214-E702-4042-BB08-6D9A3C790514}"," "," "," "," ","C:\ProgramData\Microsoft\VisualStudio\Packages\Microsoft.VisualStudio.MinShell.Msi.Resources,version=16.10.31306.167,language=zh-TW\"," "," ","144","1688626272","NULL","NULL"
﻿"Microsoft Visual Studio 2012 Preparation","{16DD6E8B-E10B-4B6D-BC2D-B2BF631094F2}","11.0.50727","20230706","All User 32-bit"," ","Microsoft Corporation","MsiExec.exe /I{16DD6E8B-E10B-4B6D-BC2D-B2BF631094F2}","MsiExec.exe /I{16DD6E8B-E10B-4B6D-BC2D-B2BF631094F2}"," "," "," "," ","C:\ProgramData\Package Cache\{16DD6E8B-E10B-4B6D-BC2D-B2BF631094F2}v11.0.50727\packages\"," "," ","160","1688627686","NULL","NULL"
﻿"Windows SDK Desktop Libs x64","{170B023D-7C1B-2EF4-D3E9-B974A26752AC}","10.1.19041.685","20230706","All User 32-bit"," ","Microsoft Corporation","MsiExec.exe /I{170B023D-7C1B-2EF4-D3E9-B974A26752AC}","MsiExec.exe /I{170B023D-7C1B-2EF4-D3E9-B974A26752AC}"," "," "," "," ","C:\ProgramData\Package Cache\{170B023D-7C1B-2EF4-D3E9-B974A26752AC}v10.1.19041.685\Installers\"," "," ","76492","1688629466","NULL","NULL"
﻿"Microsoft Silverlight 4 SDK","{189AEA94-DAFB-487A-8CEE-F9D3DDE0A748}","4.0.60310.0","20230706","All User 32-bit"," ","Microsoft Corporation","MsiExec.exe /X{189AEA94-DAFB-487A-8CEE-F9D3DDE0A748}","MsiExec.exe /X{189AEA94-DAFB-487A-8CEE-F9D3DDE0A748}"," "," "," "," ","C:\ProgramData\Package Cache\{189AEA94-DAFB-487A-8CEE-F9D3DDE0A748}v4.0.60310.0\packages\Silverlight\4.0_SDK\"," "," ","52928","1688627527","NULL","NULL"
﻿"Microsoft .NET Framework 4.5 SDK","{1948E039-EC79-4591-951D-9867A8C14C90}","4.5.50709","20230706","All User 32-bit"," ","Microsoft Corporation","MsiExec.exe /X{1948E039-EC79-4591-951D-9867A8C14C90}","MsiExec.exe /X{1948E039-EC79-4591-951D-9867A8C14C90}"," "," "," "," ","C:\ProgramData\Package Cache\{1948E039-EC79-4591-951D-9867A8C14C90}v4.5.50709\packages\sdk_tools4\"," "," ","18960","1688627490","NULL","NULL"
﻿"Microsoft Visual C++ 2019 X86 Additional Runtime - 14.29.30139","{1AEA8854-7597-4CD3-948F-8DE364D94E07}","14.29.30139","20230706","All User 32-bit"," ","Microsoft Corporation","MsiExec.exe /I{1AEA8854-7597-4CD3-948F-8DE364D94E07}","MsiExec.exe /I{1AEA8854-7597-4CD3-948F-8DE364D94E07}"," "," "," "," ","C:\ProgramData\Package Cache\{1AEA8854-7597-4CD3-948F-8DE364D94E07}v14.29.30139\packages\vcRuntimeAdditional_x86\"," "," ","10420","1688629175","NULL","NULL"
﻿"Microsoft Visual Studio Team Foundation Server 2012 Team Explorer Language Pack - ENU","{1B9BBB23-65CB-3AEE-BFC6-633E7CA299FD}","11.0.50727","20230706","All User 32-bit"," ","Microsoft Corporation","MsiExec.exe /I{1B9BBB23-65CB-3AEE-BFC6-633E7CA299FD}","MsiExec.exe /I{1B9BBB23-65CB-3AEE-BFC6-633E7CA299FD}"," "," "," "," ","C:\ProgramData\Package Cache\{1B9BBB23-65CB-3AEE-BFC6-633E7CA299FD}v11.0.50727\packages\TeamExplorerLP\"," "," ","3048","1688627353","NULL","NULL"
﻿"Microsoft Visual C++ 2012 x86 Debug Runtime - 11.0.50727","{1C163D33-33B3-33EB-A617-0D4D852BE8E1}","11.0.50727","20230706","All User 32-bit"," ","Microsoft Corporation","MsiExec.exe /X{1C163D33-33B3-33EB-A617-0D4D852BE8E1}","MsiExec.exe /X{1C163D33-33B3-33EB-A617-0D4D852BE8E1}","Caution. Removing this product might prevent some applications from running."," "," "," ","C:\ProgramData\Package Cache\{1C163D33-33B3-33EB-A617-0D4D852BE8E1}v11.0.50727\packages\vcRuntimeDebug_x86\"," "," ","20336","1688627058","NULL","NULL"
﻿"Windows SDK Desktop Tools x86","{1C966E96-8553-EF1E-A06F-A8174B3CAA60}","10.1.19041.685","20230706","All User 32-bit"," ","Microsoft Corporation","MsiExec.exe /I{1C966E96-8553-EF1E-A06F-A8174B3CAA60}","MsiExec.exe /I{1C966E96-8553-EF1E-A06F-A8174B3CAA60}"," "," "," "," ","C:\ProgramData\Package Cache\{1C966E96-8553-EF1E-A06F-A8174B3CAA60}v10.1.19041.685\Installers\"," "," ","19240","1688629463","NULL","NULL"
﻿"Microsoft Report Viewer Add-On for Visual Studio 2012","{1DB43E5A-2F24-4F51-92B0-A2C0EBF5C742}","11.1.2802.16","20230706","All User 32-bit"," ","Microsoft Corporation","MsiExec.exe /I{1DB43E5A-2F24-4F51-92B0-A2C0EBF5C742}","MsiExec.exe /I{1DB43E5A-2F24-4F51-92B0-A2C0EBF5C742}"," "," "," "," ","C:\ProgramData\Package Cache\{1DB43E5A-2F24-4F51-92B0-A2C0EBF5C742}v11.1.2802.16\packages\Reporting Services\"," "," ","76296","1688627593","NULL","NULL"
﻿"Microsoft Visual C++ 2012 Compilers","{1F8E06E2-BA93-40DC-B183-E024CBD853A8}","11.0.50727","20230706","All User 32-bit"," ","Microsoft Corporation","MsiExec.exe /X{1F8E06E2-BA93-40DC-B183-E024CBD853A8}","MsiExec.exe /X{1F8E06E2-BA93-40DC-B183-E024CBD853A8}"," "," "," "," ","C:\ProgramData\Package Cache\{1F8E06E2-BA93-40DC-B183-E024CBD853A8}v11.0.50727\packages\vc_compilercore\"," "," ","57756","1688627068","NULL","NULL"
﻿"Windows SDK for Windows Store Apps Libs","{1FBBD022-F751-FE7B-54DF-9FED23892B2F}","10.1.19041.685","20230706","All User 32-bit"," ","Microsoft Corporation","MsiExec.exe /I{1FBBD022-F751-FE7B-54DF-9FED23892B2F}","MsiExec.exe /I{1FBBD022-F751-FE7B-54DF-9FED23892B2F}"," "," "," "," ","C:\ProgramData\Package Cache\{1FBBD022-F751-FE7B-54DF-9FED23892B2F}v10.1.19041.685\Installers\"," "," ","176056","1688629444","NULL","NULL"
﻿"Microsoft Visual Studio Professional 2012","{20fc1ec7-3058-48d4-80f8-e1cfd52391c7}","11.0.50727.26"," ","All User 32-bit"," ","Microsoft Corporation"," "," "," "," "," "," "," "," ","C:\ProgramData\Package Cache\{20fc1ec7-3058-48d4-80f8-e1cfd52391c7}\vs_professional.exe,0","7221433","1688627686","NULL","NULL"
﻿"WinRT Intellisense IoT - Other Languages","{216D5F47-257D-6284-5849-B51037875EFA}","10.1.19041.685","20230706","All User 32-bit"," ","Microsoft Corporation","MsiExec.exe /I{216D5F47-257D-6284-5849-B51037875EFA}","MsiExec.exe /I{216D5F47-257D-6284-5849-B51037875EFA}"," "," "," "," ","C:\ProgramData\Package Cache\{216D5F47-257D-6284-5849-B51037875EFA}v10.1.19041.685\Installers\"," "," ","372","1688629453","NULL","NULL"
﻿"vs_communitymsires","{22E1CFFD-959F-4FEA-842F-360310031664}","16.10.31213","20230706","All User 32-bit"," ","Microsoft Corporation","MsiExec.exe /I{22E1CFFD-959F-4FEA-842F-360310031664}","MsiExec.exe /I{22E1CFFD-959F-4FEA-842F-360310031664}"," "," "," "," ","C:\ProgramData\Microsoft\VisualStudio\Packages\Microsoft.VisualStudio.Community.Msi.Resources,version=16.10.31213.239,language=zh-TW\"," "," ","92","1688629134","NULL","NULL"
﻿"Windows Software Development Kit DirectX x86 Remote","{23176E97-26CB-C72A-19EB-BFB21AC1D15A}","8.59.25584","20230706","All User 32-bit"," ","Microsoft Corporation","MsiExec.exe /I{23176E97-26CB-C72A-19EB-BFB21AC1D15A}","MsiExec.exe /I{23176E97-26CB-C72A-19EB-BFB21AC1D15A}"," "," "," "," ","C:\ProgramData\Package Cache\{23176E97-26CB-C72A-19EB-BFB21AC1D15A}v8.59.25584\packages\Windows_SDK\"," "," ","1756","1688627471","NULL","NULL"
﻿"Python Launcher","{23514291-DEF3-42FD-A67C-A96E35C92F24}","3.11.4150.0","20230630","All User 32-bit"," ","Python Software Foundation","MsiExec.exe /X{23514291-DEF3-42FD-A67C-A96E35C92F24}","MsiExec.exe /X{23514291-DEF3-42FD-A67C-A96E35C92F24}"," "," "," "," ","C:\ProgramData\Package Cache\{23514291-DEF3-42FD-A67C-A96E35C92F24}v3.11.4150.0\"," "," ","1520","1688106554","NULL","NULL"
﻿"Windows App Certification Kit SupportedApiList x86","{26D02D07-8007-2FD2-6DFE-14B29D09B5FD}","10.1.19041.685","20230706","All User 32-bit"," ","Microsoft Corporation","MsiExec.exe /I{26D02D07-8007-2FD2-6DFE-14B29D09B5FD}","MsiExec.exe /I{26D02D07-8007-2FD2-6DFE-14B29D09B5FD}"," "," "," "," ","C:\ProgramData\Package Cache\{26D02D07-8007-2FD2-6DFE-14B29D09B5FD}v10.1.19041.685\Installers\"," "," ","3576","1688629334","NULL","NULL"
﻿"Microsoft Visual Studio 2012 SDK - ENU","{27fe8162-bf82-4d29-ad6d-906f55acd521}","11.0.50727.1"," ","All User 32-bit"," ","Microsoft Corporation"," "," "," "," "," "," "," "," ","C:\ProgramData\Package Cache\{27fe8162-bf82-4d29-ad6d-906f55acd521}\vssdk_full.exe,0","107271","1688628043","NULL","NULL"
﻿"Microsoft Visual C++ 2012 Microsoft Foundation Class Libraries","{29F259D7-C517-3EED-84B4-237573CFD39C}","11.0.50727","20230706","All User 32-bit"," ","Microsoft Corporation","MsiExec.exe /X{29F259D7-C517-3EED-84B4-237573CFD39C}","MsiExec.exe /X{29F259D7-C517-3EED-84B4-237573CFD39C}"," "," "," "," ","C:\ProgramData\Package Cache\{29F259D7-C517-3EED-84B4-237573CFD39C}v11.0.50727\packages\vc_libraryselectablemfc\"," "," ","1228876","1688627124","NULL","NULL"
﻿"Windows SDK for Windows Store Apps Contracts","{2A8533B3-8D16-67E4-E729-5BB04EDD2FE4}","10.1.19041.685","20230706","All User 32-bit"," ","Microsoft Corporation","MsiExec.exe /I{2A8533B3-8D16-67E4-E729-5BB04EDD2FE4}","MsiExec.exe /I{2A8533B3-8D16-67E4-E729-5BB04EDD2FE4}"," "," "," "," ","C:\ProgramData\Package Cache\{2A8533B3-8D16-67E4-E729-5BB04EDD2FE4}v10.1.19041.685\Installers\"," "," ","13084","1688629415","NULL","NULL"
﻿"Windows SDK Desktop Libs arm","{2AC29D7B-F29F-34FA-4434-C5DF1F086264}","10.1.19041.685","20230706","All User 32-bit"," ","Microsoft Corporation","MsiExec.exe /I{2AC29D7B-F29F-34FA-4434-C5DF1F086264}","MsiExec.exe /I{2AC29D7B-F29F-34FA-4434-C5DF1F086264}"," "," "," "," ","C:\ProgramData\Package Cache\{2AC29D7B-F29F-34FA-4434-C5DF1F086264}v10.1.19041.685\Installers\"," "," ","71984","1688629469","NULL","NULL"
﻿"WinAppDeploy","{2ADF1977-BF31-E127-B651-AC28A8658317}","10.1.19041.685","20230706","All User 32-bit"," ","Microsoft Corporation","MsiExec.exe /I{2ADF1977-BF31-E127-B651-AC28A8658317}","MsiExec.exe /I{2ADF1977-BF31-E127-B651-AC28A8658317}"," "," "," "," ","C:\ProgramData\Package Cache\{2ADF1977-BF31-E127-B651-AC28A8658317}v10.1.19041.685\Installers\"," "," ","912","1688629414","NULL","NULL"
﻿"Microsoft Visual Studio Ultimate 2012 XAML UI Designer enu Resources","{2C0CC01A-DDBC-3AED-AF18-E741242FD727}","11.0.50727","20230706","All User 32-bit"," ","Microsoft Corporation"," "," "," "," "," "," ","C:\ProgramData\Package Cache\{2C0CC01A-DDBC-3AED-AF18-E741242FD727}v11.0.50727\packages\Bliss_LP\"," "," ","3636","1688627325","NULL","NULL"
﻿"Microsoft Visual C++ 2015-2019 Redistributable (x64) - 14.29.30139","{2c673fb6-3e65-4751-965d-33d30b68a8a6}","14.29.30139.0"," ","All User 32-bit"," ","Microsoft Corporation"," "," "," "," "," "," "," "," ","C:\ProgramData\Package Cache\{2c673fb6-3e65-4751-965d-33d30b68a8a6}\VC_redist.x64.exe,0","20667","1688629178","NULL","NULL"
﻿"PreEmptive Analytics Visual Studio Components","{2C76E3DA-BA76-4FAD-B1B1-72B46D639028}","1.0.2180.1","20230706","All User 32-bit"," ","PreEmptive Solutions","MsiExec.exe /X{2C76E3DA-BA76-4FAD-B1B1-72B46D639028}","MsiExec.exe /X{2C76E3DA-BA76-4FAD-B1B1-72B46D639028}","Visual Studio Add In for PreEmptive Analytics Exception Reporter by PreEmptive Solutions","http://www.preemptive.com/products/runtime-intelligence/overview","http://www.preemptive.com/products/runtime-intelligence"," ","C:\ProgramData\Package Cache\{2C76E3DA-BA76-4FAD-B1B1-72B46D639028}v1.0.2180.1\packages\PreEmptive\"," "," ","1324","1688627455","NULL","NULL"
﻿"Windows SDK for Windows Store Apps Metadata","{2CFB2180-7C20-5470-4B8A-747512A6AB70}","10.1.19041.685","20230706","All User 32-bit"," ","Microsoft Corporation","MsiExec.exe /I{2CFB2180-7C20-5470-4B8A-747512A6AB70}","MsiExec.exe /I{2CFB2180-7C20-5470-4B8A-747512A6AB70}"," "," "," "," ","C:\ProgramData\Package Cache\{2CFB2180-7C20-5470-4B8A-747512A6AB70}v10.1.19041.685\Installers\"," "," ","3864","1688629356","NULL","NULL"
﻿"Windows SDK Facade Windows WinMD Versioned","{2D296649-CFBE-CF23-EA8E-E24554187B3F}","10.1.19041.685","20230706","All User 32-bit"," ","Microsoft Corporation","MsiExec.exe /I{2D296649-CFBE-CF23-EA8E-E24554187B3F}","MsiExec.exe /I{2D296649-CFBE-CF23-EA8E-E24554187B3F}"," "," "," "," ","C:\ProgramData\Package Cache\{2D296649-CFBE-CF23-EA8E-E24554187B3F}v10.1.19041.685\Installers\"," "," ","164","1688629415","NULL","NULL"
﻿"Microsoft ASP.NET MVC 3 - Visual Studio 2012 Tools Update","{2F6CE32A-018D-4656-895B-9E5E20D7740A}","3.0.30710.0","20230706","All User 32-bit"," ","Microsoft Corporation","MsiExec.exe /X{2F6CE32A-018D-4656-895B-9E5E20D7740A}","MsiExec.exe /X{2F6CE32A-018D-4656-895B-9E5E20D7740A}"," "," "," "," ","C:\ProgramData\Package Cache\{2F6CE32A-018D-4656-895B-9E5E20D7740A}v3.0.30710.0\packages\WPT\"," "," ","20972","1688627423","NULL","NULL"
﻿"Microsoft Visual C++ 2012 x86 Minimum Runtime - 11.0.50727","{2F73A7B2-E50E-39A6-9ABC-EF89E4C62E36}","11.0.50727","20230706","All User 32-bit"," ","Microsoft Corporation","MsiExec.exe /X{2F73A7B2-E50E-39A6-9ABC-EF89E4C62E36}","MsiExec.exe /X{2F73A7B2-E50E-39A6-9ABC-EF89E4C62E36}","Caution. Removing this product might prevent some applications from running."," "," "," ","C:\ProgramData\Package Cache\{2F73A7B2-E50E-39A6-9ABC-EF89E4C62E36}v11.0.50727\packages\vcRuntimeMinimum_x86\"," "," ","148","1688627140","NULL","NULL"
﻿"Windows SDK DirectX x86 Remote","{313B416A-97E7-F3EF-EDFC-A903A8CA4BC2}","10.1.19041.685","20230706","All User 32-bit"," ","Microsoft Corporation","MsiExec.exe /I{313B416A-97E7-F3EF-EDFC-A903A8CA4BC2}","MsiExec.exe /I{313B416A-97E7-F3EF-EDFC-A903A8CA4BC2}"," "," "," "," ","C:\ProgramData\Package Cache\{313B416A-97E7-F3EF-EDFC-A903A8CA4BC2}v10.1.19041.685\Installers\"," "," ","400","1688629445","NULL","NULL"
﻿"Microsoft Visual Studio 2012 Devenv","{330E5D98-20D2-4CA4-AE51-FCB8AA80F634}","11.0.50727","20230706","All User 32-bit"," ","Microsoft Corporation","MsiExec.exe /I{330E5D98-20D2-4CA4-AE51-FCB8AA80F634}","MsiExec.exe /I{330E5D98-20D2-4CA4-AE51-FCB8AA80F634}"," "," "," "," ","C:\ProgramData\Package Cache\{330E5D98-20D2-4CA4-AE51-FCB8AA80F634}v11.0.50727\packages\vs_devenv\"," "," ","524","1688627172","NULL","NULL"
﻿"WinRT Intellisense IoT - en-us","{3335615C-ABEB-960E-2226-4274CD28E046}","10.1.19041.685","20230706","All User 32-bit"," ","Microsoft Corporation","MsiExec.exe /I{3335615C-ABEB-960E-2226-4274CD28E046}","MsiExec.exe /I{3335615C-ABEB-960E-2226-4274CD28E046}"," "," "," "," ","C:\ProgramData\Package Cache\{3335615C-ABEB-960E-2226-4274CD28E046}v10.1.19041.685\Installers\"," "," ","372","1688629426","NULL","NULL"
﻿"Microsoft Visual C++ 2012 Redistributable (x86) - 11.0.61030","{33d1fd90-4274-48a1-9bc1-97e33d9c2d6f}","11.0.61030.0"," ","All User 32-bit"," ","Microsoft Corporation"," "," "," "," "," "," "," "," ","C:\ProgramData\Package Cache\{33d1fd90-4274-48a1-9bc1-97e33d9c2d6f}\vcredist_x86.exe,0","17800","1688626730","NULL","NULL"
﻿"Microsoft Visual C++ 2019 X86 Debug Runtime - 14.29.30139","{3521C75E-6E25-47A6-9831-17EE6AAF01E2}","14.29.30139","20230706","All User 32-bit"," ","Microsoft Corporation","MsiExec.exe /I{3521C75E-6E25-47A6-9831-17EE6AAF01E2}","MsiExec.exe /I{3521C75E-6E25-47A6-9831-17EE6AAF01E2}"," "," "," "," ","C:\ProgramData\Microsoft\VisualStudio\Packages\Microsoft.VisualCpp.RuntimeDebug.14,version=14.29.30139,chip=x86\"," "," ","24578","1688629248","NULL","NULL"
﻿"Dotfuscator and Analytics Community Edition","{372D17F6-A54E-4A01-B264-1314890FFE61}","5.5.4521.29298","20230706","All User 32-bit"," ","PreEmptive Solutions","MsiExec.exe /X{372D17F6-A54E-4A01-B264-1314890FFE61}","MsiExec.exe /X{372D17F6-A54E-4A01-B264-1314890FFE61}"," "," "," "," ","C:\ProgramData\Package Cache\{372D17F6-A54E-4A01-B264-1314890FFE61}v5.5.4521.29298\packages\Dotfuscator\"," "," ","9428","1688627454","NULL","NULL"
﻿"Microsoft Visual Studio 2012 Shell (Minimum) Resources","{38FC6E9A-F719-431A-A83D-4C86D5FD6555}","11.0.50727","20230706","All User 32-bit"," ","Microsoft Corporation","MsiExec.exe /I{38FC6E9A-F719-431A-A83D-4C86D5FD6555}","MsiExec.exe /I{38FC6E9A-F719-431A-A83D-4C86D5FD6555}"," "," "," "," ","C:\ProgramData\Package Cache\{38FC6E9A-F719-431A-A83D-4C86D5FD6555}v11.0.50727\packages\vs_minshellres\"," "," ","3328","1688627173","NULL","NULL"
﻿"vcpp_crt.redist.clickonce","{3A0C179A-20ED-429F-B4FD-B063290BF829}","14.29.30139","20230706","All User 32-bit"," ","Microsoft Corporation","MsiExec.exe /I{3A0C179A-20ED-429F-B4FD-B063290BF829}","MsiExec.exe /I{3A0C179A-20ED-429F-B4FD-B063290BF829}"," "," "," "," ","C:\ProgramData\Microsoft\VisualStudio\Packages\Microsoft.VisualCpp.CRT.ClickOnce.Msi,version=14.29.30139,language=zh-TW\"," "," ","4","1688629180","NULL","NULL"
﻿"WCF RIA Services V1.0 SP2","{3A523AF9-D32F-4C85-8388-0335731F3405}","4.1.61829.0","20230706","All User 32-bit"," ","Microsoft Corporation","MsiExec.exe /X{3A523AF9-D32F-4C85-8388-0335731F3405}","MsiExec.exe /X{3A523AF9-D32F-4C85-8388-0335731F3405}"," "," "," "," ","C:\ProgramData\Package Cache\{3A523AF9-D32F-4C85-8388-0335731F3405}v4.1.61829.0\packages\RIA\"," "," ","28564","1688627576","NULL","NULL"
﻿"Windows SDK Desktop Headers x86","{3D5981B5-ABF0-1495-7FC3-102D1C75B9C8}","10.1.19041.685","20230706","All User 32-bit"," ","Microsoft Corporation","MsiExec.exe /I{3D5981B5-ABF0-1495-7FC3-102D1C75B9C8}","MsiExec.exe /I{3D5981B5-ABF0-1495-7FC3-102D1C75B9C8}"," "," "," "," ","C:\ProgramData\Package Cache\{3D5981B5-ABF0-1495-7FC3-102D1C75B9C8}v10.1.19041.685\Installers\"," "," ","90516","1688629460","NULL","NULL"
﻿"Windows Software Development Kit for Windows Store Apps DirectX x86 Remote","{42F61556-29ED-8122-F39E-6F04EA5FF279}","8.59.25584","20230706","All User 32-bit"," ","Microsoft Corporation","MsiExec.exe /I{42F61556-29ED-8122-F39E-6F04EA5FF279}","MsiExec.exe /I{42F61556-29ED-8122-F39E-6F04EA5FF279}"," "," "," "," ","C:\ProgramData\Package Cache\{42F61556-29ED-8122-F39E-6F04EA5FF279}v8.59.25584\packages\Windows_SDK\"," "," ","1720","1688627479","NULL","NULL"
﻿"Windows SDK Modern Non-Versioned Developer Tools","{43AA42C2-D292-CF91-6264-63B7A99CDE99}","10.1.19041.685","20230706","All User 32-bit"," ","Microsoft Corporation","MsiExec.exe /I{43AA42C2-D292-CF91-6264-63B7A99CDE99}","MsiExec.exe /I{43AA42C2-D292-CF91-6264-63B7A99CDE99}"," "," "," "," ","C:\ProgramData\Package Cache\{43AA42C2-D292-CF91-6264-63B7A99CDE99}v10.1.19041.685\Installers\"," "," ","10776","1688629413","NULL","NULL"
﻿"Windows SDK Redistributables","{43B3CDF5-CD8F-9A5E-4598-765F8CB27170}","10.1.19041.685","20230706","All User 32-bit"," ","Microsoft Corporation","MsiExec.exe /I{43B3CDF5-CD8F-9A5E-4598-765F8CB27170}","MsiExec.exe /I{43B3CDF5-CD8F-9A5E-4598-765F8CB27170}"," "," "," "," ","C:\ProgramData\Package Cache\{43B3CDF5-CD8F-9A5E-4598-765F8CB27170}v10.1.19041.685\Installers\"," "," ","6496","1688629445","NULL","NULL"
﻿"WinRT Intellisense Mobile - en-us","{443FF51E-16C3-F23B-18FC-0D1D66024B0B}","10.1.19041.685","20230706","All User 32-bit"," ","Microsoft Corporation","MsiExec.exe /I{443FF51E-16C3-F23B-18FC-0D1D66024B0B}","MsiExec.exe /I{443FF51E-16C3-F23B-18FC-0D1D66024B0B}"," "," "," "," ","C:\ProgramData\Package Cache\{443FF51E-16C3-F23B-18FC-0D1D66024B0B}v10.1.19041.685\Installers\"," "," ","188","1688629425","NULL","NULL"
﻿"Windows Software Development Kit - Windows 10.0.19041.685","{4591faf1-a2db-4a3d-bfda-aa5a4ebb1587}","10.1.19041.685"," ","All User 32-bit"," ","Microsoft Corporation"," "," "," "," "," "," "," "," ","C:\ProgramData\Package Cache\{4591faf1-a2db-4a3d-bfda-aa5a4ebb1587}\winsdksetup.exe,0","2103583","1688629473","NULL","NULL"
﻿"Microsoft Visual Studio Setup WMI Provider","{47B3704C-3287-4DFC-B019-CCBF305492B3}","3.6.2085.9058","20230706","All User 32-bit"," ","Microsoft Corporation","MsiExec.exe /I{47B3704C-3287-4DFC-B019-CCBF305492B3}","MsiExec.exe /I{47B3704C-3287-4DFC-B019-CCBF305492B3}"," "," "," "," ","C:\ProgramData\Microsoft\VisualStudio\Packages\Microsoft.VisualStudio.Setup.WMIProvider,version=3.6.2085.9058\"," "," ","4488","1688626277","NULL","NULL"
﻿"Windows IoT Extension SDK Contracts","{497B2D49-F5C2-CA3B-05FF-22ABF39F2873}","10.1.19041.685","20230706","All User 32-bit"," ","Microsoft Corporation","MsiExec.exe /I{497B2D49-F5C2-CA3B-05FF-22ABF39F2873}","MsiExec.exe /I{497B2D49-F5C2-CA3B-05FF-22ABF39F2873}"," "," "," "," ","C:\ProgramData\Package Cache\{497B2D49-F5C2-CA3B-05FF-22ABF39F2873}v10.1.19041.685\Installers\"," "," ","372","1688629426","NULL","NULL"
﻿"Windows SDK for Windows Store Apps Tools","{4AC6C7FB-D848-9D68-DCB0-1376083FEA3A}","10.1.19041.685","20230706","All User 32-bit"," ","Microsoft Corporation","MsiExec.exe /I{4AC6C7FB-D848-9D68-DCB0-1376083FEA3A}","MsiExec.exe /I{4AC6C7FB-D848-9D68-DCB0-1376083FEA3A}"," "," "," "," ","C:\ProgramData\Package Cache\{4AC6C7FB-D848-9D68-DCB0-1376083FEA3A}v10.1.19041.685\Installers\"," "," ","144664","1688629360","NULL","NULL"
﻿"Windows SDK Desktop Headers arm","{4BD2B107-B0D3-850C-7135-ACA153D30C78}","10.1.19041.685","20230706","All User 32-bit"," ","Microsoft Corporation","MsiExec.exe /I{4BD2B107-B0D3-850C-7135-ACA153D30C78}","MsiExec.exe /I{4BD2B107-B0D3-850C-7135-ACA153D30C78}"," "," "," "," ","C:\ProgramData\Package Cache\{4BD2B107-B0D3-850C-7135-ACA153D30C78}v10.1.19041.685\Installers\"," "," ","96","1688629467","NULL","NULL"
﻿"Universal CRT Extension SDK","{4D69FB64-4443-F2DD-DE1C-F14FD98AAC59}","10.1.19041.685","20230706","All User 32-bit"," ","Microsoft Corporation","MsiExec.exe /I{4D69FB64-4443-F2DD-DE1C-F14FD98AAC59}","MsiExec.exe /I{4D69FB64-4443-F2DD-DE1C-F14FD98AAC59}"," "," "," "," ","C:\ProgramData\Package Cache\{4D69FB64-4443-F2DD-DE1C-F14FD98AAC59}v10.1.19041.685\Installers\"," "," ","6448","1688629428","NULL","NULL"
﻿"Blend for Visual Studio 2012 ENU resources","{532DBCC8-9468-435C-AEF6-30B7F50735A2}","5.0.30709.0","20230706","All User 32-bit","C:\Program Files (x86)\Microsoft Visual Studio 11.0\Blend\","Microsoft Corporation","MsiExec.exe /I{532DBCC8-9468-435C-AEF6-30B7F50735A2}","MsiExec.exe /I{532DBCC8-9468-435C-AEF6-30B7F50735A2}"," ","http://go.microsoft.com/fwlink/?LinkID=75064"," "," ","C:\ProgramData\Package Cache\{532DBCC8-9468-435C-AEF6-30B7F50735A2}v5.0.30709.0\packages\Blend_LP\"," "," ","9116","1688627342","1688627326","1688627342"
﻿"Microsoft Visual Studio 2012 Preparation","{540AA6E2-6F5A-4147-9B3E-D99E3AD2BFFF}","11.0.50727","20230706","All User 32-bit"," ","Microsoft Corporation","MsiExec.exe /I{540AA6E2-6F5A-4147-9B3E-D99E3AD2BFFF}","MsiExec.exe /I{540AA6E2-6F5A-4147-9B3E-D99E3AD2BFFF}"," "," "," "," ","C:\ProgramData\Package Cache\{540AA6E2-6F5A-4147-9B3E-D99E3AD2BFFF}v11.0.50727\packages\"," "," ","160","1688628043","NULL","NULL"
﻿"Microsoft ASP.NET Web Pages 2 - Visual Studio 2012 Tools","{57D782D7-49FD-48DE-AB47-A690A1519A2D}","2.0.20710.0","20230706","All User 32-bit"," ","Microsoft Corporation","MsiExec.exe /X{57D782D7-49FD-48DE-AB47-A690A1519A2D}","MsiExec.exe /X{57D782D7-49FD-48DE-AB47-A690A1519A2D}"," "," "," "," ","C:\ProgramData\Package Cache\{57D782D7-49FD-48DE-AB47-A690A1519A2D}v2.0.20710.0\packages\WPT\"," ","C:\Windows\SysWOW64\\msiexec.exe","22280","1688627430","NULL","NULL"
﻿"Blend for Visual Studio 2012","{57F20F04-014D-453F-B6A3-AE9485C4DFAB}","5.0.30709.0","20230706","All User 32-bit","C:\Program Files (x86)\Microsoft Visual Studio 11.0\Blend\","Microsoft Corporation","MsiExec.exe /I{57F20F04-014D-453F-B6A3-AE9485C4DFAB}","MsiExec.exe /I{57F20F04-014D-453F-B6A3-AE9485C4DFAB}"," ","http://go.microsoft.com/fwlink/?LinkID=75064"," "," ","C:\ProgramData\Package Cache\{57F20F04-014D-453F-B6A3-AE9485C4DFAB}v5.0.30709.0\packages\Blend_Core\"," "," ","45332","1688627329","1688627326","1688627342"
﻿"Microsoft ASP.NET MVC 4 - Visual Studio 2012 Tools","{59D87F40-6C4B-4F80-A42B-FAA0E6EAFAB6}","4.0.20710.0","20230706","All User 32-bit"," ","Microsoft Corporation","MsiExec.exe /X{59D87F40-6C4B-4F80-A42B-FAA0E6EAFAB6}","MsiExec.exe /X{59D87F40-6C4B-4F80-A42B-FAA0E6EAFAB6}"," "," "," "," ","C:\ProgramData\Package Cache\{59D87F40-6C4B-4F80-A42B-FAA0E6EAFAB6}v4.0.20710.0\packages\WPT\"," ","C:\Windows\SysWOW64\\msiexec.exe","30400","1688627438","NULL","NULL"
﻿"vs_communitymsi","{5C127D2C-BC0B-44B8-A1A5-34E9E7A116FC}","16.11.31911","20230706","All User 32-bit"," ","Microsoft Corporation","MsiExec.exe /I{5C127D2C-BC0B-44B8-A1A5-34E9E7A116FC}","MsiExec.exe /I{5C127D2C-BC0B-44B8-A1A5-34E9E7A116FC}"," "," "," "," ","C:\ProgramData\Microsoft\VisualStudio\Packages\Microsoft.VisualStudio.Community.Msi,version=16.11.31911.129\"," "," ","37764","1688629133","NULL","NULL"
﻿"Microsoft .NET Framework 4.5 Multi-Targeting Pack","{5CBFF3F3-2D40-34EE-BCA5-A95BC19E400D}","4.5.50709","20230706","All User 32-bit"," ","Microsoft Corporation","MsiExec.exe /X{5CBFF3F3-2D40-34EE-BCA5-A95BC19E400D}","MsiExec.exe /X{5CBFF3F3-2D40-34EE-BCA5-A95BC19E400D}"," "," "," "," ","C:\ProgramData\Package Cache\{5CBFF3F3-2D40-34EE-BCA5-A95BC19E400D}v4.5.50709\packages\NetFxDTP\"," "," ","42808","1688627140","NULL","NULL"
﻿"Microsoft Visual Studio Setup Configuration","{5E8B524C-99ED-4F58-AC9F-3B05036833A4}","3.6.2085.9058","20230706","All User 32-bit"," ","Microsoft Corporation","MsiExec.exe /I{5E8B524C-99ED-4F58-AC9F-3B05036833A4}","MsiExec.exe /I{5E8B524C-99ED-4F58-AC9F-3B05036833A4}"," "," "," "," ","C:\ProgramData\Microsoft\VisualStudio\Packages\Microsoft.VisualStudio.Setup.Configuration,version=3.6.2085.9058\"," "," ","1688","1688626276","NULL","NULL"
﻿"Windows Team Extension SDK Contracts","{5F616EBF-DF09-A2DA-AB66-3A5341FA611C}","10.1.19041.685","20230706","All User 32-bit"," ","Microsoft Corporation","MsiExec.exe /I{5F616EBF-DF09-A2DA-AB66-3A5341FA611C}","MsiExec.exe /I{5F616EBF-DF09-A2DA-AB66-3A5341FA611C}"," "," "," "," ","C:\ProgramData\Package Cache\{5F616EBF-DF09-A2DA-AB66-3A5341FA611C}v10.1.19041.685\Installers\"," "," ","4","1688629427","NULL","NULL"
﻿"Windows Software Development Kit","{60D5EF2A-4E0C-2C30-38F6-59C26E134F4A}","8.59.25584","20230706","All User 32-bit"," ","Microsoft Corporation","MsiExec.exe /I{60D5EF2A-4E0C-2C30-38F6-59C26E134F4A}","MsiExec.exe /I{60D5EF2A-4E0C-2C30-38F6-59C26E134F4A}"," "," "," "," ","C:\ProgramData\Package Cache\{60D5EF2A-4E0C-2C30-38F6-59C26E134F4A}v8.59.25584\packages\Windows_SDK\"," "," ","275784","1688627469","NULL","NULL"
﻿"Microsoft ASP.NET Web Pages","{631471BE-DEAB-454B-A9AC-CE3EB42C28B3}","1.0.20105.0","20230706","All User 32-bit"," ","Microsoft Corporation","MsiExec.exe /X{631471BE-DEAB-454B-A9AC-CE3EB42C28B3}","MsiExec.exe /X{631471BE-DEAB-454B-A9AC-CE3EB42C28B3}"," "," "," "," ","C:\ProgramData\Package Cache\{631471BE-DEAB-454B-A9AC-CE3EB42C28B3}v1.0.20105.0\packages\WPT\"," ","C:\Windows\SysWOW64\\msiexec.exe","2140","1688627415","NULL","NULL"
﻿"Windows App Certification Kit x64","{6487BFDF-6FA4-7CC5-0341-AA5D1AB69856}","10.1.19041.685","20230706","All User 32-bit"," ","Microsoft Corporation","MsiExec.exe /I{6487BFDF-6FA4-7CC5-0341-AA5D1AB69856}","MsiExec.exe /I{6487BFDF-6FA4-7CC5-0341-AA5D1AB69856}"," "," "," "," ","C:\ProgramData\Package Cache\{6487BFDF-6FA4-7CC5-0341-AA5D1AB69856}v10.1.19041.685\Installers\"," "," ","73096","1688629347","NULL","NULL"
﻿"Universal CRT Headers Libraries and Sources","{6B56745A-F6A4-C51C-933A-AD96C00683EA}","10.1.19041.685","20230706","All User 32-bit"," ","Microsoft Corporation","MsiExec.exe /I{6B56745A-F6A4-C51C-933A-AD96C00683EA}","MsiExec.exe /I{6B56745A-F6A4-C51C-933A-AD96C00683EA}"," "," "," "," ","C:\ProgramData\Package Cache\{6B56745A-F6A4-C51C-933A-AD96C00683EA}v10.1.19041.685\Installers\"," "," ","289372","1688629423","NULL","NULL"
﻿"vs_filehandler_x86","{6CBDE7BE-E956-4E0E-81FB-2CB79190C924}","16.11.31503","20230706","All User 32-bit"," ","Microsoft Corporation","MsiExec.exe /I{6CBDE7BE-E956-4E0E-81FB-2CB79190C924}","MsiExec.exe /I{6CBDE7BE-E956-4E0E-81FB-2CB79190C924}"," "," "," "," ","C:\ProgramData\Microsoft\VisualStudio\Packages\Microsoft.VisualStudio.FileHandler.Msi,version=16.11.31503.54,chip=x86\"," "," ","2076","1688626284","NULL","NULL"
﻿"TypeScript SDK","{6D0FC687-BA41-4DFD-80B4-3469E567AA0F}","4.3.5.0","20230706","All User 32-bit"," ","Microsoft Corporation","MsiExec.exe /X{6D0FC687-BA41-4DFD-80B4-3469E567AA0F}","MsiExec.exe /X{6D0FC687-BA41-4DFD-80B4-3469E567AA0F}"," ","http://www.typescriptlang.org","http://www.typescriptlang.org"," ","C:\ProgramData\Microsoft\VisualStudio\Packages\Microsoft.VisualStudio.TypeScript.Sdk.4.3,version=4.3.10701.3\"," "," ","29301","1688629203","NULL","NULL"
﻿"Microsoft SQL Server 2012 T-SQL Language Service ","{6D6D43E5-218C-4B05-92D3-2240810F4760}","11.0.2100.60","20230706","All User 32-bit"," ","Microsoft Corporation","MsiExec.exe /I{6D6D43E5-218C-4B05-92D3-2240810F4760}","MsiExec.exe /I{6D6D43E5-218C-4B05-92D3-2240810F4760}"," "," "," "," ","C:\ProgramData\Package Cache\{6D6D43E5-218C-4B05-92D3-2240810F4760}v11.0.2100.60\packages\TSqlLanguageService\"," "," ","6280","1688627181","NULL","NULL"
﻿"Microsoft Visual Studio Team Foundation Server 2012 Team Explorer","{6DAB46E3-D017-3E2B-85D8-F57A230384C0}","11.0.50727","20230706","All User 32-bit"," ","Microsoft Corporation","MsiExec.exe /I{6DAB46E3-D017-3E2B-85D8-F57A230384C0}","MsiExec.exe /I{6DAB46E3-D017-3E2B-85D8-F57A230384C0}"," "," "," "," ","C:\ProgramData\Package Cache\{6DAB46E3-D017-3E2B-85D8-F57A230384C0}v11.0.50727\packages\TeamExplorerCore\"," "," ","58592","1688627350","NULL","NULL"
﻿"Microsoft ASP.NET Web Pages - Visual Studio 2012 Tools","{6F066545-40A2-4C38-A8F7-78581CC5C442}","1.0.20710.0","20230706","All User 32-bit"," ","Microsoft Corporation","MsiExec.exe /X{6F066545-40A2-4C38-A8F7-78581CC5C442}","MsiExec.exe /X{6F066545-40A2-4C38-A8F7-78581CC5C442}"," "," "," "," ","C:\ProgramData\Package Cache\{6F066545-40A2-4C38-A8F7-78581CC5C442}v1.0.20710.0\packages\WPT\"," "," ","11204","1688627418","NULL","NULL"
﻿"Windows Mobile Extension SDK","{718C25EB-084C-6341-1C3E-589DA641C28F}","10.1.19041.685","20230706","All User 32-bit"," ","Microsoft Corporation","MsiExec.exe /I{718C25EB-084C-6341-1C3E-589DA641C28F}","MsiExec.exe /I{718C25EB-084C-6341-1C3E-589DA641C28F}"," "," "," "," ","C:\ProgramData\Package Cache\{718C25EB-084C-6341-1C3E-589DA641C28F}v10.1.19041.685\Installers\"," "," ","6868","1688629428","NULL","NULL"
﻿"SDK ARM Redistributables","{72DB07D6-E166-5A3F-B6E6-4664383781B8}","10.1.19041.685","20230706","All User 32-bit"," ","Microsoft Corporation","MsiExec.exe /I{72DB07D6-E166-5A3F-B6E6-4664383781B8}","MsiExec.exe /I{72DB07D6-E166-5A3F-B6E6-4664383781B8}"," "," "," "," ","C:\ProgramData\Package Cache\{72DB07D6-E166-5A3F-B6E6-4664383781B8}v10.1.19041.685\Installers\"," "," ","2724","1688629470","NULL","NULL"
﻿"Microsoft Visual C++ 2012 Extended Libraries","{731C183B-86A0-3442-BE55-68A7C92581E9}","11.0.50727","20230706","All User 32-bit"," ","Microsoft Corporation","MsiExec.exe /X{731C183B-86A0-3442-BE55-68A7C92581E9}","MsiExec.exe /X{731C183B-86A0-3442-BE55-68A7C92581E9}"," "," "," "," ","C:\ProgramData\Package Cache\{731C183B-86A0-3442-BE55-68A7C92581E9}v11.0.50727\packages\vc_libraryextended\"," "," ","84248","1688627091","NULL","NULL"
﻿"Microsoft LightSwitch for Visual Studio 2012 Core","{7437A4B9-314F-3B8F-827B-22909146E471}","11.0.50727","20230706","All User 32-bit"," ","Microsoft Corporation","MsiExec.exe /I{7437A4B9-314F-3B8F-827B-22909146E471}","MsiExec.exe /I{7437A4B9-314F-3B8F-827B-22909146E471}"," "," "," "," ","C:\ProgramData\Package Cache\{7437A4B9-314F-3B8F-827B-22909146E471}v11.0.50727\packages\lightswitchcore\"," "," ","175264","1688627318","NULL","NULL"
﻿"Microsoft SQL Server Data Tools Build Utilities - enu (11.1.20627.00)","{790E9425-8570-493F-9AE7-81AFC9E46930}","11.1.20627.00","20230706","All User 32-bit"," ","Microsoft Corporation","MsiExec.exe /X{790E9425-8570-493F-9AE7-81AFC9E46930}","MsiExec.exe /X{790E9425-8570-493F-9AE7-81AFC9E46930}"," "," "," "," ","C:\ProgramData\Package Cache\{790E9425-8570-493F-9AE7-81AFC9E46930}v11.1.20627.00\packages\SSDT\"," "," ","1360","1688627364","NULL","NULL"
﻿"Windows Mobile Extension SDK Contracts","{7A9E937D-9757-80CB-A6E3-F4AB6081AEA6}","10.1.19041.685","20230706","All User 32-bit"," ","Microsoft Corporation","MsiExec.exe /I{7A9E937D-9757-80CB-A6E3-F4AB6081AEA6}","MsiExec.exe /I{7A9E937D-9757-80CB-A6E3-F4AB6081AEA6}"," "," "," "," ","C:\ProgramData\Package Cache\{7A9E937D-9757-80CB-A6E3-F4AB6081AEA6}v10.1.19041.685\Installers\"," "," ","152","1688629427","NULL","NULL"
﻿"MSI Development Tools","{7AAC93B0-F3D7-6B24-6B37-9E74980C1C81}","10.1.19041.685","20230706","All User 32-bit"," ","Microsoft Corporation","MsiExec.exe /I{7AAC93B0-F3D7-6B24-6B37-9E74980C1C81}","MsiExec.exe /I{7AAC93B0-F3D7-6B24-6B37-9E74980C1C81}"," "," "," "," ","C:\ProgramData\Package Cache\{7AAC93B0-F3D7-6B24-6B37-9E74980C1C81}v10.1.19041.685\Installers\"," "," ","4120","1688629354","NULL","NULL"
﻿"Windows SDK","{7B891B74-6BE8-1581-357C-72DD8A82F0F7}","10.1.19041.685","20230706","All User 32-bit"," ","Microsoft Corporation","MsiExec.exe /I{7B891B74-6BE8-1581-357C-72DD8A82F0F7}","MsiExec.exe /I{7B891B74-6BE8-1581-357C-72DD8A82F0F7}"," "," "," "," ","C:\ProgramData\Package Cache\{7B891B74-6BE8-1581-357C-72DD8A82F0F7}v10.1.19041.685\Installers\"," "," ","3152","1688629355","NULL","NULL"
﻿"Windows SDK Desktop Libs x86","{7DD1F495-F1BF-6A30-620F-AC064DD302D8}","10.1.19041.685","20230706","All User 32-bit"," ","Microsoft Corporation","MsiExec.exe /I{7DD1F495-F1BF-6A30-620F-AC064DD302D8}","MsiExec.exe /I{7DD1F495-F1BF-6A30-620F-AC064DD302D8}"," "," "," "," ","C:\ProgramData\Package Cache\{7DD1F495-F1BF-6A30-620F-AC064DD302D8}v10.1.19041.685\Installers\"," "," ","71600","1688629462","NULL","NULL"
﻿"Microsoft Visual Studio 2012 Shell (Minimum)","{800F484E-9D69-492D-B656-7BAA32586142}","11.0.50727","20230706","All User 32-bit"," ","Microsoft Corporation","MsiExec.exe /I{800F484E-9D69-492D-B656-7BAA32586142}","MsiExec.exe /I{800F484E-9D69-492D-B656-7BAA32586142}"," "," "," "," ","C:\ProgramData\Package Cache\{800F484E-9D69-492D-B656-7BAA32586142}v11.0.50727\packages\vs_minshellcore\"," "," ","34624","1688627147","NULL","NULL"
﻿"Microsoft Visual Studio 2012 Shell (Minimum) Interop Assemblies","{820C677A-41B2-48C3-8136-FEE35A052E73}","11.0.50727","20230706","All User 32-bit"," ","Microsoft Corporation","MsiExec.exe /I{820C677A-41B2-48C3-8136-FEE35A052E73}","MsiExec.exe /I{820C677A-41B2-48C3-8136-FEE35A052E73}"," "," "," "," ","C:\ProgramData\Package Cache\{820C677A-41B2-48C3-8136-FEE35A052E73}v11.0.50727\packages\vs_minshellinterop\"," "," ","4908","1688627165","NULL","NULL"
﻿"vs_minshellmsi","{87EB7AA1-6FF4-4B24-9DB6-645C019B4C87}","16.11.33130","20230706","All User 32-bit"," ","Microsoft Corporation","MsiExec.exe /I{87EB7AA1-6FF4-4B24-9DB6-645C019B4C87}","MsiExec.exe /I{87EB7AA1-6FF4-4B24-9DB6-645C019B4C87}"," "," "," "," ","C:\ProgramData\Microsoft\VisualStudio\Packages\Microsoft.VisualStudio.MinShell.Msi,version=16.11.33130.273\"," "," ","272","1688626273","NULL","NULL"
﻿"WinRT Intellisense UAP - Other Languages","{8832F8ED-1035-9ABE-FD73-4E5ABAA84A5C}","10.1.19041.685","20230706","All User 32-bit"," ","Microsoft Corporation","MsiExec.exe /I{8832F8ED-1035-9ABE-FD73-4E5ABAA84A5C}","MsiExec.exe /I{8832F8ED-1035-9ABE-FD73-4E5ABAA84A5C}"," "," "," "," ","C:\ProgramData\Package Cache\{8832F8ED-1035-9ABE-FD73-4E5ABAA84A5C}v10.1.19041.685\Installers\"," "," ","125312","1688629450","NULL","NULL"
﻿"vs_minshellinteropmsi","{883D29E5-9A41-4C45-A192-C10B8078BF0C}","16.10.31306","20230706","All User 32-bit"," ","Microsoft Corporation","MsiExec.exe /I{883D29E5-9A41-4C45-A192-C10B8078BF0C}","MsiExec.exe /I{883D29E5-9A41-4C45-A192-C10B8078BF0C}"," "," "," "," ","C:\ProgramData\Microsoft\VisualStudio\Packages\Microsoft.VisualStudio.MinShell.Interop.Msi,version=16.10.31306.167\"," "," ","2180","1688629122","NULL","NULL"
﻿"Visual Studio Extensions for Windows Library for JavaScript","{89B4532E-19CE-4FA9-9692-10BFD5A38532}","1.0.8514.0","20230706","All User 32-bit"," ","Microsoft Corporation","MsiExec.exe /I{89B4532E-19CE-4FA9-9692-10BFD5A38532}","MsiExec.exe /I{89B4532E-19CE-4FA9-9692-10BFD5A38532}"," "," "," "," ","C:\ProgramData\Package Cache\{89B4532E-19CE-4FA9-9692-10BFD5A38532}v1.0.8514.0\packages\WinLibJS_CORE\"," "," ","25268","1688627613","NULL","NULL"
﻿"Microsoft Silverlight","{89F4137D-6C26-4A84-BDB8-2E5A4BB71E00}","5.1.10411.0","20230706","All User 32-bit","c:\Program Files (x86)\Microsoft Silverlight\","Microsoft Corporation","MsiExec.exe /X{89F4137D-6C26-4A84-BDB8-2E5A4BB71E00}","MsiExec.exe /X{89F4137D-6C26-4A84-BDB8-2E5A4BB71E00}"," "," "," "," ","c:\2374ff944d7663bbbca3e434\"," "," ","36349","1688627557","1688627537","1688627541"
﻿"Microsoft Visual C++ 2015-2019 Redistributable (x86) - 14.29.30139","{8d5fdf81-7022-423f-bd8b-b513a1050ae1}","14.29.30139.0"," ","All User 32-bit"," ","Microsoft Corporation"," "," "," "," "," "," "," "," ","C:\ProgramData\Package Cache\{8d5fdf81-7022-423f-bd8b-b513a1050ae1}\VC_redist.x86.exe,0","18338","1688629175","NULL","NULL"
﻿"Windows SDK for Windows Store Apps Headers","{8E9DD3FE-3338-8012-81C5-F3AA9B617BAE}","10.1.19041.685","20230706","All User 32-bit"," ","Microsoft Corporation","MsiExec.exe /I{8E9DD3FE-3338-8012-81C5-F3AA9B617BAE}","MsiExec.exe /I{8E9DD3FE-3338-8012-81C5-F3AA9B617BAE}"," "," "," "," ","C:\ProgramData\Package Cache\{8E9DD3FE-3338-8012-81C5-F3AA9B617BAE}v10.1.19041.685\Installers\"," "," ","219644","1688629441","NULL","NULL"
﻿"Prerequisites for SSDT ","{9169C939-ED01-446A-BD0C-29873BAF4E48}","11.0.2100.60","20230706","All User 32-bit"," ","Microsoft Corporation","MsiExec.exe /I{9169C939-ED01-446A-BD0C-29873BAF4E48}","MsiExec.exe /I{9169C939-ED01-446A-BD0C-29873BAF4E48}"," "," "," "," ","C:\ProgramData\Package Cache\{9169C939-ED01-446A-BD0C-29873BAF4E48}v11.0.2100.60\packages\SSDT\"," "," ","6516","1688627355","NULL","NULL"
﻿"Microsoft Visual Studio Professional 2012","{93489CA8-6656-33A0-A5AC-E0EDEDB17C3E}","11.0.50727","20230706","All User 32-bit"," ","Microsoft Corporation"," "," "," "," "," "," ","C:\ProgramData\Package Cache\{93489CA8-6656-33A0-A5AC-E0EDEDB17C3E}v11.0.50727\packages\professionalcore\Setup\"," "," ","810980","1688627225","NULL","NULL"
﻿"Windows SDK ARM Desktop Tools","{940042ED-CB90-8E03-BE68-DF8A76E661FD}","10.1.19041.685","20230706","All User 32-bit"," ","Microsoft Corporation","MsiExec.exe /I{940042ED-CB90-8E03-BE68-DF8A76E661FD}","MsiExec.exe /I{940042ED-CB90-8E03-BE68-DF8A76E661FD}"," "," "," "," ","C:\ProgramData\Package Cache\{940042ED-CB90-8E03-BE68-DF8A76E661FD}v10.1.19041.685\Installers\"," "," ","2812","1688629470","NULL","NULL"
﻿"Microsoft ASP.NET MVC 4 Runtime","{942CC691-5B98-42A3-8BC5-A246BA69D983}","4.0.20710.0","20230706","All User 32-bit"," ","Microsoft Corporation","MsiExec.exe /X{942CC691-5B98-42A3-8BC5-A246BA69D983}","MsiExec.exe /X{942CC691-5B98-42A3-8BC5-A246BA69D983}"," "," "," "," ","C:\ProgramData\Package Cache\{942CC691-5B98-42A3-8BC5-A246BA69D983}v4.0.20710.0\packages\WPT\"," ","C:\Windows\SysWOW64\\msiexec.exe","2120","1688627431","NULL","NULL"
﻿"Windows SDK Desktop Libs arm64","{9555AB64-6A00-776F-CA44-568E0E7B9632}","10.1.19041.685","20230706","All User 32-bit"," ","Microsoft Corporation","MsiExec.exe /I{9555AB64-6A00-776F-CA44-568E0E7B9632}","MsiExec.exe /I{9555AB64-6A00-776F-CA44-568E0E7B9632}"," "," "," "," ","C:\ProgramData\Package Cache\{9555AB64-6A00-776F-CA44-568E0E7B9632}v10.1.19041.685\Installers\"," "," ","76196","1688629473","NULL","NULL"
﻿"icecap_collectionresourcesx64","{9E898366-0026-48C1-AB3E-6BC4D38CC282}","16.10.31306","20230706","All User 32-bit"," ","Microsoft Corporation","MsiExec.exe /I{9E898366-0026-48C1-AB3E-6BC4D38CC282}","MsiExec.exe /I{9E898366-0026-48C1-AB3E-6BC4D38CC282}"," "," "," "," ","C:\ProgramData\Microsoft\VisualStudio\Packages\Microsoft.Icecap.Collection.Msi.Resources.Targeted,version=16.10.31306.167,chip=x64,language=zh-TW\"," "," ","48","1688629218","NULL","NULL"
﻿"Windows Desktop Extension SDK Contracts","{A34A6580-86EF-A26A-33A5-80E1919B7F75}","10.1.19041.685","20230706","All User 32-bit"," ","Microsoft Corporation","MsiExec.exe /I{A34A6580-86EF-A26A-33A5-80E1919B7F75}","MsiExec.exe /I{A34A6580-86EF-A26A-33A5-80E1919B7F75}"," "," "," "," ","C:\ProgramData\Package Cache\{A34A6580-86EF-A26A-33A5-80E1919B7F75}v10.1.19041.685\Installers\"," "," ","488","1688629429","NULL","NULL"
﻿"Microsoft Visual Studio 2012 SharePoint Developer Tools","{A3A6D5EA-B6B5-3C05-BDA8-EAB99C09CDDC}","11.0.50727","20230706","All User 32-bit"," ","Microsoft Corporation","MsiExec.exe /X{A3A6D5EA-B6B5-3C05-BDA8-EAB99C09CDDC}","MsiExec.exe /X{A3A6D5EA-B6B5-3C05-BDA8-EAB99C09CDDC}"," "," "," "," ","C:\ProgramData\Package Cache\{A3A6D5EA-B6B5-3C05-BDA8-EAB99C09CDDC}v11.0.50727\packages\SpTools\"," "," ","7684","1688627521","NULL","NULL"
﻿"Microsoft Visual C++ 2012 Compilers - ENU Resources","{A4366F69-CE22-4DB7-9C8C-46A5845AF997}","11.0.50727","20230706","All User 32-bit"," ","Microsoft Corporation","MsiExec.exe /X{A4366F69-CE22-4DB7-9C8C-46A5845AF997}","MsiExec.exe /X{A4366F69-CE22-4DB7-9C8C-46A5845AF997}"," "," "," "," ","C:\ProgramData\Package Cache\{A4366F69-CE22-4DB7-9C8C-46A5845AF997}v11.0.50727\packages\vc_compilercoreres\"," "," ","2544","1688627071","NULL","NULL"
﻿"Microsoft SQL Server System CLR Types","{A47FD1BF-A815-4A76-BE65-53A15BD5D25D}","10.50.1600.1","20230706","All User 32-bit"," ","Microsoft Corporation","MsiExec.exe /I{A47FD1BF-A815-4A76-BE65-53A15BD5D25D}","MsiExec.exe /I{A47FD1BF-A815-4A76-BE65-53A15BD5D25D}"," "," "," "," ","C:\ProgramData\Package Cache\{A47FD1BF-A815-4A76-BE65-53A15BD5D25D}v10.50.1600.1\packages\SQLSysClrTypes10_x86\"," "," ","2596","1688627510","NULL","NULL"
﻿"Windows SDK EULA","{A50A075D-973C-1867-4228-738205D555C8}","10.1.19041.685","20230706","All User 32-bit"," ","Microsoft Corporations","MsiExec.exe /I{A50A075D-973C-1867-4228-738205D555C8}","MsiExec.exe /I{A50A075D-973C-1867-4228-738205D555C8}"," "," "," "," ","C:\ProgramData\Package Cache\{A50A075D-973C-1867-4228-738205D555C8}v10.1.19041.685\Installers\"," "," ","284","1688629353","NULL","NULL"
﻿"Universal CRT Redistributable","{A57CD0A6-4297-FD30-34A4-34758B6F5F69}","10.1.19041.685","20230706","All User 32-bit"," ","Microsoft Corporation","MsiExec.exe /I{A57CD0A6-4297-FD30-34A4-34758B6F5F69}","MsiExec.exe /I{A57CD0A6-4297-FD30-34A4-34758B6F5F69}"," "," "," "," ","C:\ProgramData\Package Cache\{A57CD0A6-4297-FD30-34A4-34758B6F5F69}v10.1.19041.685\Installers\"," "," ","5208","1688629416","NULL","NULL"
﻿"Windows SDK for Windows Store Apps","{A5E4C2C0-D963-40D6-8E5F-60A4DD995331}","10.1.19041.685","20230706","All User 32-bit"," ","Microsoft Corporation","MsiExec.exe /I{A5E4C2C0-D963-40D6-8E5F-60A4DD995331}","MsiExec.exe /I{A5E4C2C0-D963-40D6-8E5F-60A4DD995331}"," "," "," "," ","C:\ProgramData\Package Cache\{A5E4C2C0-D963-40D6-8E5F-60A4DD995331}v10.1.19041.685\Installers\"," "," ","96","1688629356","NULL","NULL"
﻿"VS Immersive Activate Helper","{A71406B5-E487-4B01-8E59-D466841350F5}","16.0.102.0","20230706","All User 32-bit"," ","Microsoft Corporation","MsiExec.exe /I{A71406B5-E487-4B01-8E59-D466841350F5}","MsiExec.exe /I{A71406B5-E487-4B01-8E59-D466841350F5}"," "," "," "," ","C:\ProgramData\Microsoft\VisualStudio\Packages\Microsoft.VisualStudio.Debugger.ImmersiveActivateHelper.Msi,version=16.10.31205.180\"," "," ","85","1688629232","NULL","NULL"
﻿"Universal General MIDI DLS Extension SDK","{A7E95C47-B5F4-110C-D27A-DECB03412B96}","10.1.19041.685","20230706","All User 32-bit"," ","Microsoft Corporation","MsiExec.exe /I{A7E95C47-B5F4-110C-D27A-DECB03412B96}","MsiExec.exe /I{A7E95C47-B5F4-110C-D27A-DECB03412B96}"," "," "," "," ","C:\ProgramData\Package Cache\{A7E95C47-B5F4-110C-D27A-DECB03412B96}v10.1.19041.685\Installers\"," "," ","3052","1688629416","NULL","NULL"
﻿"vs_devenvmsi","{AD0C92A4-1514-4BC1-A723-A272A8343924}","16.0.28329","20230706","All User 32-bit"," ","Microsoft Corporation","MsiExec.exe /I{AD0C92A4-1514-4BC1-A723-A272A8343924}","MsiExec.exe /I{AD0C92A4-1514-4BC1-A723-A272A8343924}"," "," "," "," ","C:\ProgramData\Microsoft\VisualStudio\Packages\Microsoft.VisualStudio.Devenv.Msi,version=16.0.28329.73\"," "," ","120","1688629123","NULL","NULL"
﻿"Microsoft Visual C++ 2012 Core Libraries","{AD1AEE2A-D9C0-3FAC-8D6B-B5E07B47257B}","11.0.50727","20230706","All User 32-bit"," ","Microsoft Corporation","MsiExec.exe /X{AD1AEE2A-D9C0-3FAC-8D6B-B5E07B47257B}","MsiExec.exe /X{AD1AEE2A-D9C0-3FAC-8D6B-B5E07B47257B}"," "," "," "," ","C:\ProgramData\Package Cache\{AD1AEE2A-D9C0-3FAC-8D6B-B5E07B47257B}v11.0.50727\packages\vc_librarycore\"," "," ","1043412","1688627088","NULL","NULL"
﻿"icecap_collectionresources","{AD8ECDC5-3619-4F2B-8BFE-CAE858C61E27}","16.10.31306","20230706","All User 32-bit"," ","Microsoft Corporation","MsiExec.exe /I{AD8ECDC5-3619-4F2B-8BFE-CAE858C61E27}","MsiExec.exe /I{AD8ECDC5-3619-4F2B-8BFE-CAE858C61E27}"," "," "," "," ","C:\ProgramData\Microsoft\VisualStudio\Packages\Microsoft.Icecap.Collection.Msi.Resources,version=16.10.31306.167,language=zh-TW\"," "," ","148","1688629218","NULL","NULL"
﻿"Microsoft Visual Studio 2012 Devenv Resources","{B1465D1D-6427-4CA1-AE29-8B699209E663}","11.0.50727","20230706","All User 32-bit"," ","Microsoft Corporation","MsiExec.exe /I{B1465D1D-6427-4CA1-AE29-8B699209E663}","MsiExec.exe /I{B1465D1D-6427-4CA1-AE29-8B699209E663}"," "," "," "," ","C:\ProgramData\Package Cache\{B1465D1D-6427-4CA1-AE29-8B699209E663}v11.0.50727\packages\vs_devenvLP\"," "," ","84","1688627174","NULL","NULL"
﻿"Microsoft Visual C++ 2012 x86 Additional Runtime - 11.0.61030","{B175520C-86A2-35A7-8619-86DC379688B9}","11.0.61030","20230706","All User 32-bit"," ","Microsoft Corporation","MsiExec.exe /X{B175520C-86A2-35A7-8619-86DC379688B9}","MsiExec.exe /X{B175520C-86A2-35A7-8619-86DC379688B9}","Caution. Removing this product might prevent some applications from running."," "," "," ","C:\ProgramData\Package Cache\{B175520C-86A2-35A7-8619-86DC379688B9}v11.0.61030\packages\vcRuntimeAdditional_x86\"," "," ","9900","1688626730","NULL","NULL"
﻿"WinRT Intellisense Desktop - Other Languages","{B42BF427-AFDB-C00F-DB60-6F51395D74A1}","10.1.19041.685","20230706","All User 32-bit"," ","Microsoft Corporation","MsiExec.exe /I{B42BF427-AFDB-C00F-DB60-6F51395D74A1}","MsiExec.exe /I{B42BF427-AFDB-C00F-DB60-6F51395D74A1}"," "," "," "," ","C:\ProgramData\Package Cache\{B42BF427-AFDB-C00F-DB60-6F51395D74A1}v10.1.19041.685\Installers\"," "," ","7188","1688629453","NULL","NULL"
﻿"LocalESPCui for en-us","{B5DA9D49-9BD8-0F2F-52FC-C7E66BC8D944}","8.59.25584","20230706","All User 32-bit"," ","Microsoft","MsiExec.exe /I{B5DA9D49-9BD8-0F2F-52FC-C7E66BC8D944}","MsiExec.exe /I{B5DA9D49-9BD8-0F2F-52FC-C7E66BC8D944}"," "," "," "," ","C:\ProgramData\Package Cache\{B5DA9D49-9BD8-0F2F-52FC-C7E66BC8D944}v8.59.25584\packages\EspC\"," "," ","92","1688627456","NULL","NULL"
﻿"Windows SDK Signing Tools","{B62A26BB-90A0-82FB-2DDC-3157ADF07833}","10.1.19041.685","20230706","All User 32-bit"," ","Microsoft Corporation","MsiExec.exe /I{B62A26BB-90A0-82FB-2DDC-3157ADF07833}","MsiExec.exe /I{B62A26BB-90A0-82FB-2DDC-3157ADF07833}"," "," "," "," ","C:\ProgramData\Package Cache\{B62A26BB-90A0-82FB-2DDC-3157ADF07833}v10.1.19041.685\Installers\"," "," ","8500","1688629354","NULL","NULL"
﻿"Microsoft Web Developer Tools - Visual Studio 2012","{B96FCD4F-6EDD-4258-8A6D-0FCEA8445E3E}","1.0.30710.0","20230706","All User 32-bit"," ","Microsoft Corporation","MsiExec.exe /I{B96FCD4F-6EDD-4258-8A6D-0FCEA8445E3E}","MsiExec.exe /I{B96FCD4F-6EDD-4258-8A6D-0FCEA8445E3E}"," "," "," "," ","C:\ProgramData\Package Cache\{B96FCD4F-6EDD-4258-8A6D-0FCEA8445E3E}v1.0.30710.0\packages\WPT\"," "," ","46952","1688627412","NULL","NULL"
﻿"Microsoft Visual Studio 2012 SharePoint Developer Tools ENU Language Pack","{B9F35D86-242E-3FA4-B9F8-A982E0DF918D}","11.0.50727","20230706","All User 32-bit"," ","Microsoft Corporation","MsiExec.exe /X{B9F35D86-242E-3FA4-B9F8-A982E0DF918D}","MsiExec.exe /X{B9F35D86-242E-3FA4-B9F8-A982E0DF918D}"," "," "," "," ","C:\ProgramData\Package Cache\{B9F35D86-242E-3FA4-B9F8-A982E0DF918D}v11.0.50727\packages\SpTools\"," "," ","1540","1688627523","NULL","NULL"
﻿"Microsoft Portable Library Multi-Targeting Pack Language Pack - enu","{BAD0254F-9BDB-3D14-A5AC-9C0EF51F3D09}","11.0.50709.17929","20230706","All User 32-bit"," ","Microsoft Corporation","MsiExec.exe /X{BAD0254F-9BDB-3D14-A5AC-9C0EF51F3D09}","MsiExec.exe /X{BAD0254F-9BDB-3D14-A5AC-9C0EF51F3D09}"," "," "," "," ","C:\ProgramData\Package Cache\{BAD0254F-9BDB-3D14-A5AC-9C0EF51F3D09}v11.0.50709.17929\Packages\PortableLibrary\enu\"," "," ","26476","1688627185","NULL","NULL"
﻿"WinRT Intellisense Desktop - en-us","{BCF7CA0F-E53C-2A4F-B128-A751EC9A1016}","10.1.19041.685","20230706","All User 32-bit"," ","Microsoft Corporation","MsiExec.exe /I{BCF7CA0F-E53C-2A4F-B128-A751EC9A1016}","MsiExec.exe /I{BCF7CA0F-E53C-2A4F-B128-A751EC9A1016}"," "," "," "," ","C:\ProgramData\Package Cache\{BCF7CA0F-E53C-2A4F-B128-A751EC9A1016}v10.1.19041.685\Installers\"," "," ","724","1688629425","NULL","NULL"
﻿"Universal CRT Tools x86","{BD75F257-50A4-E0CD-9942-C3550CA3E66A}","10.1.19041.685","20230706","All User 32-bit"," ","Microsoft Corporation","MsiExec.exe /I{BD75F257-50A4-E0CD-9942-C3550CA3E66A}","MsiExec.exe /I{BD75F257-50A4-E0CD-9942-C3550CA3E66A}"," "," "," "," ","C:\ProgramData\Package Cache\{BD75F257-50A4-E0CD-9942-C3550CA3E66A}v10.1.19041.685\Installers\"," "," ","1480","1688629423","NULL","NULL"
﻿"Microsoft Visual C++ 2012 x86 Minimum Runtime - 11.0.61030","{BD95A8CD-1D9F-35AD-981A-3E7925026EBB}","11.0.61030","20230706","All User 32-bit"," ","Microsoft Corporation","MsiExec.exe /X{BD95A8CD-1D9F-35AD-981A-3E7925026EBB}","MsiExec.exe /X{BD95A8CD-1D9F-35AD-981A-3E7925026EBB}","Caution. Removing this product might prevent some applications from running."," "," "," ","C:\ProgramData\Package Cache\{BD95A8CD-1D9F-35AD-981A-3E7925026EBB}v11.0.61030\packages\vcRuntimeMinimum_x86\"," "," ","1772","1688626730","NULL","NULL"
﻿"LocalESPC","{BDBE5D2A-AAB7-77BD-7A0E-5006665CE7C6}","8.59.25584","20230706","All User 32-bit"," ","Microsoft Corporation","MsiExec.exe /I{BDBE5D2A-AAB7-77BD-7A0E-5006665CE7C6}","MsiExec.exe /I{BDBE5D2A-AAB7-77BD-7A0E-5006665CE7C6}"," "," "," "," ","C:\ProgramData\Package Cache\{BDBE5D2A-AAB7-77BD-7A0E-5006665CE7C6}v8.59.25584\packages\EspC\"," "," ","5588","1688627456","NULL","NULL"
﻿"Microsoft Visual Studio Ultimate 2012 XAML UI Designer Core","{C1BE4600-7D15-3D1E-8AA2-B3241DB1D063}","11.0.50727","20230706","All User 32-bit"," ","Microsoft Corporation"," "," "," "," "," "," ","C:\ProgramData\Package Cache\{C1BE4600-7D15-3D1E-8AA2-B3241DB1D063}v11.0.50727\packages\Bliss_Core\"," "," ","27984","1688627324","NULL","NULL"
﻿"Microsoft Visual Studio 2012 SDK - ENU","{C1E52442-C3E6-3801-95EC-011A0561A796}","11.0.50727","20230706","All User 32-bit"," ","Microsoft Corporation","MsiExec.exe /I{C1E52442-C3E6-3801-95EC-011A0561A796}","MsiExec.exe /I{C1E52442-C3E6-3801-95EC-011A0561A796}"," "," "," "," ","C:\ProgramData\Package Cache\{C1E52442-C3E6-3801-95EC-011A0561A796}v11.0.50727\packages\VSSDK\"," "," ","94972","1688627970","NULL","NULL"
﻿"Microsoft Portable Library Multi-Targeting Pack","{C4CAD994-6EA2-3121-8352-DA593150B322}","11.0.50709.17929","20230706","All User 32-bit"," ","Microsoft Corporation","MsiExec.exe /X{C4CAD994-6EA2-3121-8352-DA593150B322}","MsiExec.exe /X{C4CAD994-6EA2-3121-8352-DA593150B322}"," "," "," "," ","C:\ProgramData\Package Cache\{C4CAD994-6EA2-3121-8352-DA593150B322}v11.0.50709.17929\Packages\PortableLibrary\"," "," ","17688","1688627183","NULL","NULL"
﻿"Windows Runtime Intellisense Content - en-us","{C81452EB-CBCF-B8EB-3124-48C5B3D506B0}","8.59.25584","20230706","All User 32-bit"," ","Microsoft Corporation","MsiExec.exe /I{C81452EB-CBCF-B8EB-3124-48C5B3D506B0}","MsiExec.exe /I{C81452EB-CBCF-B8EB-3124-48C5B3D506B0}"," "," "," "," ","C:\ProgramData\Package Cache\{C81452EB-CBCF-B8EB-3124-48C5B3D506B0}v8.59.25584\packages\Windows_SDK\"," "," ","3584","1688627488","NULL","NULL"
﻿"Windows SDK Desktop Headers x64","{C81D239D-863A-D4B4-3562-BC8D3D7C271E}","10.1.19041.685","20230706","All User 32-bit"," ","Microsoft Corporation","MsiExec.exe /I{C81D239D-863A-D4B4-3562-BC8D3D7C271E}","MsiExec.exe /I{C81D239D-863A-D4B4-3562-BC8D3D7C271E}"," "," "," "," ","C:\ProgramData\Package Cache\{C81D239D-863A-D4B4-3562-BC8D3D7C271E}v10.1.19041.685\Installers\"," "," ","40","1688629464","NULL","NULL"
﻿"Windows SDK Desktop Headers arm64","{C88797F9-0AD8-E022-5BBB-596BC78D4C76}","10.1.19041.685","20230706","All User 32-bit"," ","Microsoft Corporation","MsiExec.exe /I{C88797F9-0AD8-E022-5BBB-596BC78D4C76}","MsiExec.exe /I{C88797F9-0AD8-E022-5BBB-596BC78D4C76}"," "," "," "," ","C:\ProgramData\Package Cache\{C88797F9-0AD8-E022-5BBB-596BC78D4C76}v10.1.19041.685\Installers\"," "," ","84","1688629471","NULL","NULL"
﻿"Microsoft Visual C++ 2012 Redistributable (x64) - 11.0.61030","{ca67548a-5ebe-413a-b50c-4b9ceb6d66c6}","11.0.61030.0"," ","All User 32-bit"," ","Microsoft Corporation"," "," "," "," "," "," "," "," ","C:\ProgramData\Package Cache\{ca67548a-5ebe-413a-b50c-4b9ceb6d66c6}\vcredist_x64.exe,0","21014","1688626745","NULL","NULL"
﻿"Windows Team Extension SDK","{CE7E4A6A-45A2-2968-4B34-D0D4CFCC0E1D}","10.1.19041.685","20230706","All User 32-bit"," ","Microsoft Corporation","MsiExec.exe /I{CE7E4A6A-45A2-2968-4B34-D0D4CFCC0E1D}","MsiExec.exe /I{CE7E4A6A-45A2-2968-4B34-D0D4CFCC0E1D}"," "," "," "," ","C:\ProgramData\Package Cache\{CE7E4A6A-45A2-2968-4B34-D0D4CFCC0E1D}v10.1.19041.685\Installers\"," "," ","168","1688629427","NULL","NULL"
﻿"Microsoft .NET Framework 4 Multi-Targeting Pack","{CFEF48A8-BFB8-3EAC-8BA5-DE4F8AA267CE}","4.0.30319","20230706","All User 32-bit"," ","Microsoft Corporation","MsiExec.exe /I{CFEF48A8-BFB8-3EAC-8BA5-DE4F8AA267CE}","MsiExec.exe /I{CFEF48A8-BFB8-3EAC-8BA5-DE4F8AA267CE}"," "," "," "," ","C:\ProgramData\Package Cache\{CFEF48A8-BFB8-3EAC-8BA5-DE4F8AA267CE}v4.0.30319\packages\NetFxDTP\"," "," ","85456","1688627304","NULL","NULL"
﻿"Update for  (KB2504637)","{CFEF48A8-BFB8-3EAC-8BA5-DE4F8AA267CE}.KB2504637","1"," ","All User 32-bit"," ","Microsoft Corporation"," "," ","This update is for .
If you later install a more recent service pack, this update will be uninstalled automatically.
For more information, visit http://support.microsoft.com/kb/2504637.","http://support.microsoft.com"," ","http://support.microsoft.com/kb/2504637"," ","Update"," ","0","1688627304","NULL","NULL"
﻿"Microsoft Visual Studio Professional 2012 - ENU","{CFFDC0EC-6924-3347-B047-13339EDBEC28}","11.0.50727","20230706","All User 32-bit"," ","Microsoft Corporation"," "," "," "," "," "," ","C:\ProgramData\Package Cache\{CFFDC0EC-6924-3347-B047-13339EDBEC28}v11.0.50727\packages\professionallp\"," "," ","390412","1688627298","NULL","NULL"
﻿"Windows Software Development Kit for Windows Store Apps","{D11F66FF-82B3-DDB8-1146-525370552BE1}","8.59.25584","20230706","All User 32-bit"," ","Microsoft Corporation","MsiExec.exe /I{D11F66FF-82B3-DDB8-1146-525370552BE1}","MsiExec.exe /I{D11F66FF-82B3-DDB8-1146-525370552BE1}"," "," "," "," ","C:\ProgramData\Package Cache\{D11F66FF-82B3-DDB8-1146-525370552BE1}v8.59.25584\packages\Windows_SDK\"," "," ","152108","1688627477","NULL","NULL"
﻿"Windows Desktop Extension SDK","{D3B54AAA-2B64-5DE2-EA64-9900152E5282}","10.1.19041.685","20230706","All User 32-bit"," ","Microsoft Corporation","MsiExec.exe /I{D3B54AAA-2B64-5DE2-EA64-9900152E5282}","MsiExec.exe /I{D3B54AAA-2B64-5DE2-EA64-9900152E5282}"," "," "," "," ","C:\ProgramData\Package Cache\{D3B54AAA-2B64-5DE2-EA64-9900152E5282}v10.1.19041.685\Installers\"," "," ","52","1688629429","NULL","NULL"
﻿"Microsoft System CLR Types for SQL Server 2019 CTP2.2","{D47A6F01-B586-497B-BF13-F3D62BDDE302}","15.0.1200.24","20230706","All User 32-bit"," ","Microsoft Corporation","MsiExec.exe /I{D47A6F01-B586-497B-BF13-F3D62BDDE302}","MsiExec.exe /I{D47A6F01-B586-497B-BF13-F3D62BDDE302}"," "," "," "," ","C:\ProgramData\Microsoft\VisualStudio\Packages\sqlsysclrtypes,version=16.0.62205.5200,chip=x86,language=zh-TW\"," "," ","4444","1688629188","NULL","NULL"
﻿"Microsoft SQL Server 2012 Management Objects ","{DA1C1761-5F4F-4332-AB9D-29EDF3F8EA0A}","11.0.2100.60","20230706","All User 32-bit"," ","Microsoft Corporation","MsiExec.exe /I{DA1C1761-5F4F-4332-AB9D-29EDF3F8EA0A}","MsiExec.exe /I{DA1C1761-5F4F-4332-AB9D-29EDF3F8EA0A}"," "," "," "," ","C:\ProgramData\Package Cache\{DA1C1761-5F4F-4332-AB9D-29EDF3F8EA0A}v11.0.2100.60\packages\SharedManagementObjects_x86\"," "," ","25568","1688627515","NULL","NULL"
﻿"Microsoft ASP.NET MVC 3","{DCDEC776-BADD-48B9-8F9A-DFF513C3D7FA}","3.0.20105.0","20230706","All User 32-bit"," ","Microsoft Corporation","MsiExec.exe /X{DCDEC776-BADD-48B9-8F9A-DFF513C3D7FA}","MsiExec.exe /X{DCDEC776-BADD-48B9-8F9A-DFF513C3D7FA}"," "," "," "," ","C:\ProgramData\Package Cache\{DCDEC776-BADD-48B9-8F9A-DFF513C3D7FA}v3.0.20105.0\packages\WPT\"," ","C:\Windows\SysWOW64\\msiexec.exe","1028","1688627419","NULL","NULL"
﻿"Windows SDK AddOn","{E18618EC-D9DB-4BCE-B382-85ADA2CBB340}","10.1.0.0","20230703","All User 32-bit"," ","Microsoft Corporation","MsiExec.exe /I{E18618EC-D9DB-4BCE-B382-85ADA2CBB340}","MsiExec.exe /I{E18618EC-D9DB-4BCE-B382-85ADA2CBB340}"," "," "," "," ","C:\ProgramData\Package Cache\{E18618EC-D9DB-4BCE-B382-85ADA2CBB340}v10.1.0.0\Redistributable\10.1.0.0\"," "," ","152","1688366563","NULL","NULL"
﻿"Microsoft Silverlight 5 SDK","{E1FBB3D4-ADB0-4949-B101-855DA061C735}","5.0.61118.0","20230706","All User 32-bit"," ","Microsoft Corporation","MsiExec.exe /X{E1FBB3D4-ADB0-4949-B101-855DA061C735}","MsiExec.exe /X{E1FBB3D4-ADB0-4949-B101-855DA061C735}"," "," "," "," ","C:\ProgramData\Package Cache\{E1FBB3D4-ADB0-4949-B101-855DA061C735}v5.0.61118.0\packages\Silverlight\5.0_SDK\"," "," ","79392","1688627533","NULL","NULL"
﻿"Microsoft System CLR Types for SQL Server 2012","{E2082604-4BA5-44BB-BBFB-AF0F3CB8C6AB}","11.0.2100.60","20230706","All User 32-bit"," ","Microsoft Corporation","MsiExec.exe /I{E2082604-4BA5-44BB-BBFB-AF0F3CB8C6AB}","MsiExec.exe /I{E2082604-4BA5-44BB-BBFB-AF0F3CB8C6AB}"," "," "," "," ","C:\ProgramData\Package Cache\{E2082604-4BA5-44BB-BBFB-AF0F3CB8C6AB}v11.0.2100.60\packages\SQLSysClrTypes_x86\"," "," ","2356","1688627509","NULL","NULL"
﻿"vs_tipsmsi","{E208E682-50EE-4F2F-9860-C91B906B8A03}","16.0.28329","20230706","All User 32-bit"," ","Microsoft Corporation","MsiExec.exe /I{E208E682-50EE-4F2F-9860-C91B906B8A03}","MsiExec.exe /I{E208E682-50EE-4F2F-9860-C91B906B8A03}"," "," "," "," ","C:\ProgramData\Microsoft\VisualStudio\Packages\Microsoft.VisualStudio.TestTools.TP.Legacy.Tips.Msi,version=16.0.28329.73\"," "," ","42","1688629213","NULL","NULL"
﻿"vs_Graphics_Singletonx86","{E42F1CFF-80C7-4865-B378-1EFCF312C1BF}","16.10.31213","20230706","All User 32-bit"," ","Microsoft Corporation","MsiExec.exe /I{E42F1CFF-80C7-4865-B378-1EFCF312C1BF}","MsiExec.exe /I{E42F1CFF-80C7-4865-B378-1EFCF312C1BF}"," "," "," "," ","C:\ProgramData\Microsoft\VisualStudio\Packages\Microsoft.VisualStudio.Graphics.Msi,version=16.10.31213.239,chip=x86\"," "," ","3535","1688629244","NULL","NULL"
﻿"Microsoft LightSwitch for Visual Studio 2012 CoreRes - ENU","{E4ADE757-7FE9-322D-9CAE-C77D77A2D2BF}","11.0.50727","20230706","All User 32-bit"," ","Microsoft Corporation","MsiExec.exe /I{E4ADE757-7FE9-322D-9CAE-C77D77A2D2BF}","MsiExec.exe /I{E4ADE757-7FE9-322D-9CAE-C77D77A2D2BF}"," "," "," "," ","C:\ProgramData\Package Cache\{E4ADE757-7FE9-322D-9CAE-C77D77A2D2BF}v11.0.50727\packages\lightswitchcoreres\"," "," ","592","1688627323","NULL","NULL"
﻿"Microsoft Web Deploy dbSqlPackage Provider - enu","{E4C33F5B-1B2F-466E-957E-B274F08151A0}","10.3.20225.0","20230706","All User 32-bit"," ","Microsoft Corporation","MsiExec.exe /X{E4C33F5B-1B2F-466E-957E-B274F08151A0}","MsiExec.exe /X{E4C33F5B-1B2F-466E-957E-B274F08151A0}"," "," "," "," ","C:\ProgramData\Package Cache\{E4C33F5B-1B2F-466E-957E-B274F08151A0}v10.3.20225.0\packages\SSDT\"," "," ","32","1688627614","NULL","NULL"
﻿"Kits Configuration Installer","{E75A9998-E979-760B-6AEB-49763F279EDD}","10.1.19041.685","20230706","All User 32-bit"," ","Microsoft","MsiExec.exe /I{E75A9998-E979-760B-6AEB-49763F279EDD}","MsiExec.exe /I{E75A9998-E979-760B-6AEB-49763F279EDD}"," "," "," "," ","C:\ProgramData\Package Cache\{E75A9998-E979-760B-6AEB-49763F279EDD}v10.1.19041.685\Installers\"," "," ","372","1688629334","NULL","NULL"
﻿"Microsoft Visual Studio 2012 Tools for SQL Server Compact 4.0 SP1 ENU","{E818AE7C-244B-4A50-9C86-C0E4A8B69159}","4.0.8876.1","20230706","All User 32-bit"," ","Microsoft Corporation","MsiExec.exe /I{E818AE7C-244B-4A50-9C86-C0E4A8B69159}","MsiExec.exe /I{E818AE7C-244B-4A50-9C86-C0E4A8B69159}"," "," "," "," ","C:\ProgramData\Package Cache\{E818AE7C-244B-4A50-9C86-C0E4A8B69159}v4.0.8876.1\packages\SSCE40\"," "," ","4328","1688627508","NULL","NULL"
﻿"Windows SDK Desktop Tools x64","{F9BDEC71-9E56-CFBF-0AE8-E7AF032D07C7}","10.1.19041.685","20230706","All User 32-bit"," ","Microsoft Corporation","MsiExec.exe /I{F9BDEC71-9E56-CFBF-0AE8-E7AF032D07C7}","MsiExec.exe /I{F9BDEC71-9E56-CFBF-0AE8-E7AF032D07C7}"," "," "," "," ","C:\ProgramData\Package Cache\{F9BDEC71-9E56-CFBF-0AE8-E7AF032D07C7}v10.1.19041.685\Installers\"," "," ","18628","1688629467","NULL","NULL"
﻿"Microsoft SQL Server Data Tools - enu (11.1.20627.00)","{FA804794-2CCB-4301-954F-2C2894698876}","11.1.20627.00","20230706","All User 32-bit"," ","Microsoft Corporation","MsiExec.exe /X{FA804794-2CCB-4301-954F-2C2894698876}","MsiExec.exe /X{FA804794-2CCB-4301-954F-2C2894698876}"," "," "," "," ","C:\ProgramData\Package Cache\{FA804794-2CCB-4301-954F-2C2894698876}v11.1.20627.00\packages\SSDT\"," "," ","14808","1688627363","NULL","NULL"
﻿"Microsoft SQL Server 2012 Data-Tier App Framework ","{FBA6F90E-36EC-4FC9-9B25-3834E3BD46A8}","11.0.2316.0","20230706","All User 32-bit"," ","Microsoft Corporation","MsiExec.exe /I{FBA6F90E-36EC-4FC9-9B25-3834E3BD46A8}","MsiExec.exe /I{FBA6F90E-36EC-4FC9-9B25-3834E3BD46A8}"," "," "," "," ","C:\ProgramData\Package Cache\{FBA6F90E-36EC-4FC9-9B25-3834E3BD46A8}v11.0.2316.0\packages\dac\"," "," ","24088","1688627358","NULL","NULL"
﻿"Microsoft ASP.NET Web Pages 2 Runtime","{FBBC8076-BB21-4E06-9FA0-309AEF6E35EE}","2.0.20710.0","20230706","All User 32-bit"," ","Microsoft Corporation","MsiExec.exe /X{FBBC8076-BB21-4E06-9FA0-309AEF6E35EE}","MsiExec.exe /X{FBBC8076-BB21-4E06-9FA0-309AEF6E35EE}"," "," "," "," ","C:\ProgramData\Package Cache\{FBBC8076-BB21-4E06-9FA0-309AEF6E35EE}v2.0.20710.0\packages\WPT\"," ","C:\Windows\SysWOW64\\msiexec.exe","2888","1688627424","NULL","NULL"
﻿"Microsoft Visual Studio 2012 SDK Language Pack - ENU","{FC0C36DE-02B4-351B-93FB-293A40042EF1}","11.0.50727","20230706","All User 32-bit"," ","Microsoft Corporation","MsiExec.exe /I{FC0C36DE-02B4-351B-93FB-293A40042EF1}","MsiExec.exe /I{FC0C36DE-02B4-351B-93FB-293A40042EF1}"," "," "," "," ","C:\ProgramData\Package Cache\{FC0C36DE-02B4-351B-93FB-293A40042EF1}v11.0.50727\packages\VSSDK\"," "," ","3808","1688627973","NULL","NULL"
﻿"Windows SDK Modern Versioned Developer Tools","{FC5A59F8-6BEE-FBB4-C720-47C565A92798}","10.1.19041.685","20230706","All User 32-bit"," ","Microsoft Corporation","MsiExec.exe /I{FC5A59F8-6BEE-FBB4-C720-47C565A92798}","MsiExec.exe /I{FC5A59F8-6BEE-FBB4-C720-47C565A92798}"," "," "," "," ","C:\ProgramData\Package Cache\{FC5A59F8-6BEE-FBB4-C720-47C565A92798}v10.1.19041.685\Installers\"," "," ","7692","1688629361","NULL","NULL"
﻿"SDK ARM Additions","{FCF9D89E-6F79-64FB-B08D-B0E69FF54DEE}","10.1.19041.685","20230706","All User 32-bit"," ","Microsoft Corporation","MsiExec.exe /I{FCF9D89E-6F79-64FB-B08D-B0E69FF54DEE}","MsiExec.exe /I{FCF9D89E-6F79-64FB-B08D-B0E69FF54DEE}"," "," "," "," ","C:\ProgramData\Package Cache\{FCF9D89E-6F79-64FB-B08D-B0E69FF54DEE}v10.1.19041.685\Installers\"," "," ","392","1688629470","NULL","NULL"
﻿"Microsoft Visual C++ 2012 x86 Additional Runtime - 11.0.50727","{FDB30193-FDA0-3DAA-ACCA-A75EEFE53607}","11.0.50727","20230706","All User 32-bit"," ","Microsoft Corporation","MsiExec.exe /X{FDB30193-FDA0-3DAA-ACCA-A75EEFE53607}","MsiExec.exe /X{FDB30193-FDA0-3DAA-ACCA-A75EEFE53607}","Caution. Removing this product might prevent some applications from running."," "," "," ","C:\ProgramData\Package Cache\{FDB30193-FDA0-3DAA-ACCA-A75EEFE53607}v11.0.50727\packages\vcRuntimeAdditional_x86\"," "," ","152","1688627057","NULL","NULL"
﻿"Microsoft Help Viewer 2.0","{FEB375AB-6EEC-3929-8FAF-188ED81DD8B5}","2.0.50727","20230706","All User 32-bit"," ","Microsoft Corporation","MsiExec.exe /X{FEB375AB-6EEC-3929-8FAF-188ED81DD8B5}","MsiExec.exe /X{FEB375AB-6EEC-3929-8FAF-188ED81DD8B5}"," "," "," "," ","C:\ProgramData\Package Cache\{FEB375AB-6EEC-3929-8FAF-188ED81DD8B5}v2.0.50727\packages\Help\"," "," ","11364","1688627524","NULL","NULL"
﻿"WinRT Intellisense PPI - Other Languages","{FF2B49B7-0254-3D6A-4BE0-EF4C59DBCC2B}","10.1.19041.685","20230706","All User 32-bit"," ","Microsoft Corporation","MsiExec.exe /I{FF2B49B7-0254-3D6A-4BE0-EF4C59DBCC2B}","MsiExec.exe /I{FF2B49B7-0254-3D6A-4BE0-EF4C59DBCC2B}"," "," "," "," ","C:\ProgramData\Package Cache\{FF2B49B7-0254-3D6A-4BE0-EF4C59DBCC2B}v10.1.19041.685\Installers\"," "," ","372","1688629454","NULL","NULL"
﻿"Windows SDK for Windows Store Managed Apps Libs","{FF7D4409-CF59-34AE-BDC7-8A6146A9BA36}","10.1.19041.685","20230706","All User 32-bit"," ","Microsoft Corporation","MsiExec.exe /I{FF7D4409-CF59-34AE-BDC7-8A6146A9BA36}","MsiExec.exe /I{FF7D4409-CF59-34AE-BDC7-8A6146A9BA36}"," "," "," "," ","C:\ProgramData\Package Cache\{FF7D4409-CF59-34AE-BDC7-8A6146A9BA36}v10.1.19041.685\Installers\"," "," ","6340","1688629414","NULL","NULL"
