"pid","process_name","parent_pid","processcreatetime","process_path","process_command","user_name","digitalsignature","productname","fileversion","filedescription","companyname","priority"
﻿"0","[System Process]","-1","NULL"," "," "," "," "," "," "," "," "," "
﻿"4","System","0","1691580698"," "," "," "," "," "," "," "," "," "
﻿"92","Registry","4","1691580689"," "," "," "," "," "," "," "," "," "
﻿"100","RuntimeBroker.exe","808","1691646399","C:\Windows\System32\RuntimeBroker.exe","C:\Windows\System32\RuntimeBroker.exe -Embedding","test","Microsoft Windows","MicrosoftR WindowsR Operating System","10.0.19041.746 (WinBuild.160101.0800)","Runtime Broker","Microsoft Corporation","NORMAL"
﻿"272","rdpclip.exe","696","1691646354","C:\Windows\System32\rdpclip.exe","rdpclip","test"," ","MicrosoftR WindowsR Operating System","10.0.19041.3203 (WinBuild.160101.0800)","RDP ŶKïʵ","Microsoft Corporation","NORMAL"
﻿"352","smss.exe","4","1691580698","C:\Windows\system32\smss.exe"," "," ","Microsoft Windows Publisher","MicrosoftR WindowsR Operating System","10.0.19041.3203 (WinBuild.160101.0800)","Windows u@q޲z","Microsoft Corporation"," "
﻿"436","dwm.exe","592","1691580717","C:\Windows\System32\dwm.exe",""dwm.exe"","DWM-1"," ","MicrosoftR WindowsR Operating System","10.0.19041.3203 (WinBuild.160101.0800)","ୱ޲z","Microsoft Corporation","HIGH"
﻿"440","csrss.exe","432","1691580714","C:\Windows\system32\csrss.exe"," "," ","Microsoft Windows Publisher","MicrosoftR WindowsR Operating System","10.0.19041.3203 (WinBuild.160101.0800)","ΤݦA涥qBz{","Microsoft Corporation"," "
﻿"460","LogonUI.exe","592","1691580717","C:\Windows\System32\LogonUI.exe",""LogonUI.exe" /flags:0x2 /state0:0xa3bd4855 /state1:0x41c64e6d","SYSTEM"," ","MicrosoftR WindowsR Operating System","10.0.19041.1 (WinBuild.160101.0800)","Windows Logon User Interface Host","Microsoft Corporation","HIGH"
﻿"516","wininit.exe","432","1691580715","C:\Windows\system32\wininit.exe"," "," ","Microsoft Windows Publisher","MicrosoftR WindowsR Operating System","10.0.19041.3203 (WinBuild.160101.0800)","Windows Ұε{","Microsoft Corporation"," "
﻿"524","svchost.exe","656","1691580855","C:\Windows\System32\svchost.exe","C:\Windows\system32\svchost.exe -k netsvcs -p -s TokenBroker","SYSTEM","Microsoft Windows Publisher","MicrosoftR WindowsR Operating System","10.0.19041.3203 (WinBuild.160101.0800)","Windows Services DBz{","Microsoft Corporation","NORMAL"
﻿"528","csrss.exe","508","1691580715","C:\Windows\system32\csrss.exe"," "," ","Microsoft Windows Publisher","MicrosoftR WindowsR Operating System","10.0.19041.3203 (WinBuild.160101.0800)","ΤݦA涥qBz{","Microsoft Corporation"," "
﻿"592","winlogon.exe","508","1691580715","C:\Windows\System32\winlogon.exe","winlogon.exe","SYSTEM"," ","MicrosoftR WindowsR Operating System","10.0.19041.3203 (WinBuild.160101.0800)","Windows nJε{","Microsoft Corporation","HIGH"
﻿"604","sihost.exe","1220","1691646355","C:\Windows\System32\sihost.exe","sihost.exe","test"," ","MicrosoftR WindowsR Operating System","10.0.19041.746 (WinBuild.160101.0800)","Shell Infrastructure Host","Microsoft Corporation","NORMAL"
﻿"656","services.exe","516","1691580715","C:\Windows\system32\services.exe"," "," ","Microsoft Windows Publisher","MicrosoftR WindowsR Operating System","10.0.19041.3203 (WinBuild.160101.0800)","AȤαε{","Microsoft Corporation"," "
﻿"672","lsass.exe","516","1691580715","C:\Windows\System32\lsass.exe","C:\Windows\system32\lsass.exe","SYSTEM","Microsoft Windows Publisher","MicrosoftR WindowsR Operating System","10.0.19041.2130 (WinBuild.160101.0800)","Local Security Authority Process","Microsoft Corporation","NORMAL"
﻿"696","svchost.exe","656","1691580717","C:\Windows\System32\svchost.exe","C:\Windows\System32\svchost.exe -k NetworkService -s TermService","NETWORK SERVICE","Microsoft Windows Publisher","MicrosoftR WindowsR Operating System","10.0.19041.3203 (WinBuild.160101.0800)","Windows Services DBz{","Microsoft Corporation","NORMAL"
﻿"724","ServiceHub.IdentityHost.exe","8128","1691646871","C:\Program Files (x86)\Microsoft Visual Studio\2019\Community\Common7\ServiceHub\Hosts\ServiceHub.Host.CLR.x86\ServiceHub.IdentityHost.exe"," ","test","Microsoft Corporation","ServiceHub.Host.CLR.x86","2.8.1021.41932","ServiceHub.IdentityHost.exe","Microsoft","NORMAL"
﻿"760","fontdrvhost.exe","592","1691580715","C:\Windows\System32\fontdrvhost.exe",""fontdrvhost.exe"","UMFD-1","Microsoft Windows","MicrosoftR WindowsR Operating System","10.0.19041.2788 (WinBuild.160101.0800)","Usermode Font Driver Host","Microsoft Corporation","NORMAL"
﻿"808","svchost.exe","656","1691580715","C:\Windows\System32\svchost.exe","C:\Windows\system32\svchost.exe -k DcomLaunch -p","SYSTEM","Microsoft Windows Publisher","MicrosoftR WindowsR Operating System","10.0.19041.3203 (WinBuild.160101.0800)","Windows Services DBz{","Microsoft Corporation","NORMAL"
﻿"844","fontdrvhost.exe","516","1691580715","C:\Windows\System32\fontdrvhost.exe",""fontdrvhost.exe"","UMFD-0","Microsoft Windows","MicrosoftR WindowsR Operating System","10.0.19041.2788 (WinBuild.160101.0800)","Usermode Font Driver Host","Microsoft Corporation","NORMAL"
﻿"876","WUDFHost.exe","656","1691580715","C:\Windows\System32\WUDFHost.exe"," ","LOCAL SERVICE"," ","MicrosoftR WindowsR Operating System","10.0.19041.3203 (WinBuild.160101.0800)","Windows Xʵ{¦ - ϥΪ̼ҦXʵ{[cDBz{","Microsoft Corporation","NORMAL"
﻿"940","svchost.exe","656","1691580717","C:\Windows\System32\svchost.exe","C:\Windows\system32\svchost.exe -k RPCSS -p","NETWORK SERVICE","Microsoft Windows Publisher","MicrosoftR WindowsR Operating System","10.0.19041.3203 (WinBuild.160101.0800)","Windows Services DBz{","Microsoft Corporation","NORMAL"
﻿"956","svchost.exe","656","1691580717","C:\Windows\System32\svchost.exe","C:\Windows\System32\svchost.exe -k LocalServiceNetworkRestricted -p -s lmhosts","LOCAL SERVICE","Microsoft Windows Publisher","MicrosoftR WindowsR Operating System","10.0.19041.3203 (WinBuild.160101.0800)","Windows Services DBz{","Microsoft Corporation","NORMAL"
﻿"988","svchost.exe","656","1691580717","C:\Windows\System32\svchost.exe","C:\Windows\system32\svchost.exe -k DcomLaunch -p -s LSM","SYSTEM","Microsoft Windows Publisher","MicrosoftR WindowsR Operating System","10.0.19041.3203 (WinBuild.160101.0800)","Windows Services DBz{","Microsoft Corporation","NORMAL"
﻿"1056","svchost.exe","656","1691580717","C:\Windows\System32\svchost.exe","C:\Windows\system32\svchost.exe -k LocalServiceNetworkRestricted -p -s TimeBrokerSvc","LOCAL SERVICE","Microsoft Windows Publisher","MicrosoftR WindowsR Operating System","10.0.19041.3203 (WinBuild.160101.0800)","Windows Services DBz{","Microsoft Corporation","NORMAL"
﻿"1064","svchost.exe","656","1691580717","C:\Windows\System32\svchost.exe","C:\Windows\System32\svchost.exe -k LocalSystemNetworkRestricted -p -s NcbService","SYSTEM","Microsoft Windows Publisher","MicrosoftR WindowsR Operating System","10.0.19041.3203 (WinBuild.160101.0800)","Windows Services DBz{","Microsoft Corporation","NORMAL"
﻿"1120","svchost.exe","656","1691580717","C:\Windows\System32\svchost.exe","C:\Windows\System32\svchost.exe -k LocalServiceNetworkRestricted -p -s EventLog","LOCAL SERVICE","Microsoft Windows Publisher","MicrosoftR WindowsR Operating System","10.0.19041.3203 (WinBuild.160101.0800)","Windows Services DBz{","Microsoft Corporation","NORMAL"
﻿"1128","csrss.exe","452","1691646337","C:\Windows\system32\csrss.exe"," "," ","Microsoft Windows Publisher","MicrosoftR WindowsR Operating System","10.0.19041.3203 (WinBuild.160101.0800)","ΤݦA涥qBz{","Microsoft Corporation"," "
﻿"1168","SecurityHealthService.exe","656","1691598482","C:\Windows\system32\SecurityHealthService.exe"," "," ","Microsoft Windows Publisher","MicrosoftR WindowsR Operating System","4.18.1907.16384 (WinBuild.160101.0800)","Windows Security Health Service","Microsoft Corporation"," "
﻿"1220","svchost.exe","656","1691580719","C:\Windows\System32\svchost.exe","C:\Windows\system32\svchost.exe -k netsvcs -p -s UserManager","SYSTEM","Microsoft Windows Publisher","MicrosoftR WindowsR Operating System","10.0.19041.3203 (WinBuild.160101.0800)","Windows Services DBz{","Microsoft Corporation","NORMAL"
﻿"1264","svchost.exe","656","1691580718","C:\Windows\System32\svchost.exe","C:\Windows\system32\svchost.exe -k netsvcs -p -s ProfSvc","SYSTEM","Microsoft Windows Publisher","MicrosoftR WindowsR Operating System","10.0.19041.3203 (WinBuild.160101.0800)","Windows Services DBz{","Microsoft Corporation","NORMAL"
﻿"1280","svchost.exe","656","1691580718","C:\Windows\System32\svchost.exe","C:\Windows\system32\svchost.exe -k LocalSystemNetworkRestricted -p -s SysMain","SYSTEM","Microsoft Windows Publisher","MicrosoftR WindowsR Operating System","10.0.19041.3203 (WinBuild.160101.0800)","Windows Services DBz{","Microsoft Corporation","NORMAL"
﻿"1288","svchost.exe","656","1691580718","C:\Windows\System32\svchost.exe","C:\Windows\System32\svchost.exe -k netsvcs -p -s Themes","SYSTEM","Microsoft Windows Publisher","MicrosoftR WindowsR Operating System","10.0.19041.3203 (WinBuild.160101.0800)","Windows Services DBz{","Microsoft Corporation","NORMAL"
﻿"1296","svchost.exe","656","1691580718","C:\Windows\System32\svchost.exe","C:\Windows\system32\svchost.exe -k LocalService -p -s EventSystem","LOCAL SERVICE","Microsoft Windows Publisher","MicrosoftR WindowsR Operating System","10.0.19041.3203 (WinBuild.160101.0800)","Windows Services DBz{","Microsoft Corporation","NORMAL"
﻿"1304","svchost.exe","656","1691580730","C:\Windows\System32\svchost.exe","C:\Windows\system32\svchost.exe -k LocalSystemNetworkRestricted -p -s PcaSvc","SYSTEM","Microsoft Windows Publisher","MicrosoftR WindowsR Operating System","10.0.19041.3203 (WinBuild.160101.0800)","Windows Services DBz{","Microsoft Corporation","NORMAL"
﻿"1400","Memory Compression","4","1691580718"," "," "," "," "," "," "," "," "," "
﻿"1444","svchost.exe","656","1691580718","C:\Windows\System32\svchost.exe","C:\Windows\system32\svchost.exe -k netsvcs -p -s SENS","SYSTEM","Microsoft Windows Publisher","MicrosoftR WindowsR Operating System","10.0.19041.3203 (WinBuild.160101.0800)","Windows Services DBz{","Microsoft Corporation","NORMAL"
﻿"1464","svchost.exe","656","1691580718","C:\Windows\System32\svchost.exe","C:\Windows\System32\svchost.exe -k LocalSystemNetworkRestricted -p -s AudioEndpointBuilder","SYSTEM","Microsoft Windows Publisher","MicrosoftR WindowsR Operating System","10.0.19041.3203 (WinBuild.160101.0800)","Windows Services DBz{","Microsoft Corporation","NORMAL"
﻿"1472","svchost.exe","656","1691580718","C:\Windows\System32\svchost.exe","C:\Windows\system32\svchost.exe -k LocalService -p -s FontCache","LOCAL SERVICE","Microsoft Windows Publisher","MicrosoftR WindowsR Operating System","10.0.19041.3203 (WinBuild.160101.0800)","Windows Services DBz{","Microsoft Corporation","NORMAL"
﻿"1540","svchost.exe","656","1691580718","C:\Windows\System32\svchost.exe","C:\Windows\System32\svchost.exe -k LocalServiceNetworkRestricted -p","LOCAL SERVICE","Microsoft Windows Publisher","MicrosoftR WindowsR Operating System","10.0.19041.3203 (WinBuild.160101.0800)","Windows Services DBz{","Microsoft Corporation","NORMAL"
﻿"1548","fontdrvhost.exe","5096","1691646338","C:\Windows\System32\fontdrvhost.exe",""fontdrvhost.exe"","UMFD-2","Microsoft Windows","MicrosoftR WindowsR Operating System","10.0.19041.2788 (WinBuild.160101.0800)","Usermode Font Driver Host","Microsoft Corporation","NORMAL"
﻿"1608","svchost.exe","656","1691580718","C:\Windows\System32\svchost.exe","C:\Windows\System32\svchost.exe -k LocalServiceNetworkRestricted -p","LOCAL SERVICE","Microsoft Windows Publisher","MicrosoftR WindowsR Operating System","10.0.19041.3203 (WinBuild.160101.0800)","Windows Services DBz{","Microsoft Corporation","NORMAL"
﻿"1616","svchost.exe","656","1691580718","C:\Windows\System32\svchost.exe","C:\Windows\system32\svchost.exe -k LocalService -p -s nsi","LOCAL SERVICE","Microsoft Windows Publisher","MicrosoftR WindowsR Operating System","10.0.19041.3203 (WinBuild.160101.0800)","Windows Services DBz{","Microsoft Corporation","NORMAL"
﻿"1648","svchost.exe","656","1691580718","C:\Windows\System32\svchost.exe","C:\Windows\system32\svchost.exe -k NetworkService -p -s Dnscache","NETWORK SERVICE","Microsoft Windows Publisher","MicrosoftR WindowsR Operating System","10.0.19041.3203 (WinBuild.160101.0800)","Windows Services DBz{","Microsoft Corporation","NORMAL"
﻿"1656","svchost.exe","656","1691580718","C:\Windows\System32\svchost.exe","C:\Windows\system32\svchost.exe -k LocalServiceNetworkRestricted -p","LOCAL SERVICE","Microsoft Windows Publisher","MicrosoftR WindowsR Operating System","10.0.19041.3203 (WinBuild.160101.0800)","Windows Services DBz{","Microsoft Corporation","NORMAL"
﻿"1664","svchost.exe","656","1691580718","C:\Windows\System32\svchost.exe","C:\Windows\system32\svchost.exe -k LocalServiceNetworkRestricted -p -s Dhcp","LOCAL SERVICE","Microsoft Windows Publisher","MicrosoftR WindowsR Operating System","10.0.19041.3203 (WinBuild.160101.0800)","Windows Services DBz{","Microsoft Corporation","NORMAL"
﻿"1728","svchost.exe","656","1691580857","C:\Windows\System32\svchost.exe","C:\Windows\System32\svchost.exe -k LocalServiceNetworkRestricted -s RmSvc","LOCAL SERVICE","Microsoft Windows Publisher","MicrosoftR WindowsR Operating System","10.0.19041.3203 (WinBuild.160101.0800)","Windows Services DBz{","Microsoft Corporation","NORMAL"
﻿"1740","svchost.exe","656","1691580718","C:\Windows\System32\svchost.exe","C:\Windows\System32\svchost.exe -k netsvcs -p -s ShellHWDetection","SYSTEM","Microsoft Windows Publisher","MicrosoftR WindowsR Operating System","10.0.19041.3203 (WinBuild.160101.0800)","Windows Services DBz{","Microsoft Corporation","NORMAL"
﻿"1748","svchost.exe","656","1691580719","C:\Windows\System32\svchost.exe","C:\Windows\System32\svchost.exe -k NetworkService -p -s NlaSvc","NETWORK SERVICE","Microsoft Windows Publisher","MicrosoftR WindowsR Operating System","10.0.19041.3203 (WinBuild.160101.0800)","Windows Services DBz{","Microsoft Corporation","NORMAL"
﻿"1784","svchost.exe","656","1691580718","C:\Windows\System32\svchost.exe","C:\Windows\system32\svchost.exe -k netsvcs -p -s Schedule","SYSTEM","Microsoft Windows Publisher","MicrosoftR WindowsR Operating System","10.0.19041.3203 (WinBuild.160101.0800)","Windows Services DBz{","Microsoft Corporation","NORMAL"
﻿"1924","svchost.exe","656","1691580856","C:\Windows\System32\svchost.exe","C:\Windows\system32\svchost.exe -k appmodel -p -s StateRepository","SYSTEM","Microsoft Windows Publisher","MicrosoftR WindowsR Operating System","10.0.19041.3203 (WinBuild.160101.0800)","Windows Services DBz{","Microsoft Corporation","NORMAL"
﻿"1988","spoolsv.exe","656","1691580719","C:\Windows\System32\spoolsv.exe","C:\Windows\System32\spoolsv.exe","SYSTEM"," ","MicrosoftR WindowsR Operating System","10.0.19041.3203 (WinBuild.160101.0800)","huwĳBzltε{","Microsoft Corporation","NORMAL"
﻿"2056","svchost.exe","656","1691580719","C:\Windows\System32\svchost.exe","C:\Windows\System32\svchost.exe -k LocalService -p -s netprofm","LOCAL SERVICE","Microsoft Windows Publisher","MicrosoftR WindowsR Operating System","10.0.19041.3203 (WinBuild.160101.0800)","Windows Services DBz{","Microsoft Corporation","NORMAL"
﻿"2108","svchost.exe","656","1691580719","C:\Windows\System32\svchost.exe","C:\Windows\system32\svchost.exe -k LocalServiceNoNetworkFirewall -p","LOCAL SERVICE","Microsoft Windows Publisher","MicrosoftR WindowsR Operating System","10.0.19041.3203 (WinBuild.160101.0800)","Windows Services DBz{","Microsoft Corporation","NORMAL"
﻿"2128","SgrmBroker.exe","656","1691580862","C:\Windows\system32\SgrmBroker.exe"," "," ","Microsoft Windows Publisher","MicrosoftR WindowsR Operating System","10.0.19041.3203 (WinBuild.160101.0800)","tΨ@涥qʵNzHA","Microsoft Corporation"," "
﻿"2140","svchost.exe","656","1691616823","C:\Windows\System32\svchost.exe","C:\Windows\System32\svchost.exe -k LocalSystemNetworkRestricted -p -s DsSvc","SYSTEM","Microsoft Windows Publisher","MicrosoftR WindowsR Operating System","10.0.19041.3203 (WinBuild.160101.0800)","Windows Services DBz{","Microsoft Corporation","NORMAL"
﻿"2164","svchost.exe","656","1691580719","C:\Windows\System32\svchost.exe","C:\Windows\System32\svchost.exe -k NetworkService -p -s LanmanWorkstation","NETWORK SERVICE","Microsoft Windows Publisher","MicrosoftR WindowsR Operating System","10.0.19041.3203 (WinBuild.160101.0800)","Windows Services DBz{","Microsoft Corporation","NORMAL"
﻿"2188","svchost.exe","656","1691580863","C:\Windows\system32\svchost.exe"," "," ","Microsoft Windows Publisher","MicrosoftR WindowsR Operating System","10.0.19041.3203 (WinBuild.160101.0800)","Windows Services DBz{","Microsoft Corporation"," "
﻿"2300","conhost.exe","6052","1691647205","C:\Windows\System32\conhost.exe","\??\C:\Windows\system32\conhost.exe 0x4","test"," ","MicrosoftR WindowsR Operating System","10.0.19041.3203 (WinBuild.160101.0800)","DxD","Microsoft Corporation","NORMAL"
﻿"2412","svchost.exe","656","1691580720","C:\Windows\System32\svchost.exe","C:\Windows\System32\svchost.exe -k LocalSystemNetworkRestricted -p -s UmRdpService","SYSTEM","Microsoft Windows Publisher","MicrosoftR WindowsR Operating System","10.0.19041.3203 (WinBuild.160101.0800)","Windows Services DBz{","Microsoft Corporation","NORMAL"
﻿"2436","svchost.exe","656","1691580861","C:\Windows\System32\svchost.exe","C:\Windows\System32\svchost.exe -k LocalSystemNetworkRestricted -p -s StorSvc","SYSTEM","Microsoft Windows Publisher","MicrosoftR WindowsR Operating System","10.0.19041.3203 (WinBuild.160101.0800)","Windows Services DBz{","Microsoft Corporation","NORMAL"
﻿"2560","svchost.exe","656","1691580721","C:\Windows\System32\svchost.exe","C:\Windows\system32\svchost.exe -k netsvcs -p -s IKEEXT","SYSTEM","Microsoft Windows Publisher","MicrosoftR WindowsR Operating System","10.0.19041.3203 (WinBuild.160101.0800)","Windows Services DBz{","Microsoft Corporation","NORMAL"
﻿"2568","svchost.exe","656","1691580721","C:\Windows\System32\svchost.exe","C:\Windows\system32\svchost.exe -k NetworkServiceNetworkRestricted -p -s PolicyAgent","NETWORK SERVICE","Microsoft Windows Publisher","MicrosoftR WindowsR Operating System","10.0.19041.3203 (WinBuild.160101.0800)","Windows Services DBz{","Microsoft Corporation","NORMAL"
﻿"2592","svchost.exe","656","1691580721","C:\Windows\System32\svchost.exe","C:\Windows\system32\svchost.exe -k netsvcs -s CertPropSvc","SYSTEM","Microsoft Windows Publisher","MicrosoftR WindowsR Operating System","10.0.19041.3203 (WinBuild.160101.0800)","Windows Services DBz{","Microsoft Corporation","NORMAL"
﻿"2616","svchost.exe","656","1691646354","C:\Windows\System32\svchost.exe","C:\Windows\system32\svchost.exe -k UnistackSvcGroup -s CDPUserSvc","test","Microsoft Windows Publisher","MicrosoftR WindowsR Operating System","10.0.19041.3203 (WinBuild.160101.0800)","Windows Services DBz{","Microsoft Corporation","NORMAL"
﻿"2640","svchost.exe","656","1691580721","C:\Windows\System32\svchost.exe","C:\Windows\System32\svchost.exe -k netsvcs -p -s SessionEnv","SYSTEM","Microsoft Windows Publisher","MicrosoftR WindowsR Operating System","10.0.19041.3203 (WinBuild.160101.0800)","Windows Services DBz{","Microsoft Corporation","NORMAL"
﻿"2732","svchost.exe","656","1691580721","C:\Windows\System32\svchost.exe","C:\Windows\system32\svchost.exe -k NetworkService -p -s CryptSvc","NETWORK SERVICE","Microsoft Windows Publisher","MicrosoftR WindowsR Operating System","10.0.19041.3203 (WinBuild.160101.0800)","Windows Services DBz{","Microsoft Corporation","NORMAL"
﻿"2740","svchost.exe","656","1691580721","C:\Windows\System32\svchost.exe","C:\Windows\system32\svchost.exe -k LocalServiceNoNetwork -p","LOCAL SERVICE","Microsoft Windows Publisher","MicrosoftR WindowsR Operating System","10.0.19041.3203 (WinBuild.160101.0800)","Windows Services DBz{","Microsoft Corporation","NORMAL"
﻿"2764","svchost.exe","656","1691580721","C:\Windows\System32\svchost.exe","C:\Windows\system32\svchost.exe -k netsvcs -p -s Winmgmt","SYSTEM","Microsoft Windows Publisher","MicrosoftR WindowsR Operating System","10.0.19041.3203 (WinBuild.160101.0800)","Windows Services DBz{","Microsoft Corporation","NORMAL"
﻿"2772","vcpkgsrv.exe","5744","1691738492","C:\Program Files (x86)\Microsoft Visual Studio\2019\Community\Common7\IDE\VC\vcpackages\vcpkgsrv.exe","-q -s {5F809402-3314-4E55-B355-27D0E905628D} -p 5744 -i IntelliSense -r "C:\Program Files (x86)\Microsoft Visual Studio\2019\Community\common7\ide\VSReliability.dll"","test","Microsoft Corporation","MicrosoftR Visual StudioR","16.0.33801.447 built by: D16.11","Microsoft (R) Visual C++ Package Server","Microsoft Corporation","NORMAL"
﻿"2776","svchost.exe","656","1691580721","C:\Windows\System32\svchost.exe","C:\Windows\System32\svchost.exe -k LocalServiceNoNetwork -p -s DPS","LOCAL SERVICE","Microsoft Windows Publisher","MicrosoftR WindowsR Operating System","10.0.19041.3203 (WinBuild.160101.0800)","Windows Services DBz{","Microsoft Corporation","NORMAL"
﻿"2784","svchost.exe","656","1691580721","C:\Windows\System32\svchost.exe","C:\Windows\system32\svchost.exe -k LocalService -p -s SstpSvc","LOCAL SERVICE","Microsoft Windows Publisher","MicrosoftR WindowsR Operating System","10.0.19041.3203 (WinBuild.160101.0800)","Windows Services DBz{","Microsoft Corporation","NORMAL"
﻿"2792","svchost.exe","656","1691580721","C:\Windows\System32\svchost.exe","C:\Windows\System32\svchost.exe -k utcsvc -p","SYSTEM","Microsoft Windows Publisher","MicrosoftR WindowsR Operating System","10.0.19041.3203 (WinBuild.160101.0800)","Windows Services DBz{","Microsoft Corporation","NORMAL"
﻿"2820","sqlwriter.exe","656","1691580721","C:\Program Files\Microsoft SQL Server\90\Shared\sqlwriter.exe",""C:\Program Files\Microsoft SQL Server\90\Shared\sqlwriter.exe"","SYSTEM","Microsoft Corporation","Microsoft SQL Server","2011.0110.2100.060 ((SQL11_RTM).120210-1917 )","SQL Server VSS Writer - 64 Bit","Microsoft Corporation","NORMAL"
﻿"2832","vcpkgsrv.exe","3452","1691723667","C:\Program Files (x86)\Microsoft Visual Studio\2019\Community\Common7\IDE\VC\vcpackages\vcpkgsrv.exe","-q -s {0FB59AC7-CAA5-42E7-BD52-76AA7B2CACBF} -p 3452 -i IntelliSense -r "C:\Program Files (x86)\Microsoft Visual Studio\2019\Community\common7\ide\VSReliability.dll"","test","Microsoft Corporation","MicrosoftR Visual StudioR","16.0.33801.447 built by: D16.11","Microsoft (R) Visual C++ Package Server","Microsoft Corporation","NORMAL"
﻿"2904","svchost.exe","656","1691580721","C:\Windows\System32\svchost.exe","C:\Windows\System32\svchost.exe -k LocalSystemNetworkRestricted -p -s TrkWks","SYSTEM","Microsoft Windows Publisher","MicrosoftR WindowsR Operating System","10.0.19041.3203 (WinBuild.160101.0800)","Windows Services DBz{","Microsoft Corporation","NORMAL"
﻿"2936","svchost.exe","656","1691580721","C:\Windows\System32\svchost.exe","C:\Windows\system32\svchost.exe -k netsvcs -p -s WpnService","SYSTEM","Microsoft Windows Publisher","MicrosoftR WindowsR Operating System","10.0.19041.3203 (WinBuild.160101.0800)","Windows Services DBz{","Microsoft Corporation","NORMAL"
﻿"2992","vmtoolsd.exe","656","1691580721","C:\Program Files\VMware\VMware Tools\vmtoolsd.exe",""C:\Program Files\VMware\VMware Tools\vmtoolsd.exe"","SYSTEM","VMware, Inc.","VMware Tools","10.3.10.10540","VMware Tools Core Service","VMware, Inc.","HIGH"
﻿"3000","VGAuthService.exe","656","1691580721","C:\Program Files\VMware\VMware Tools\VMware VGAuth\VGAuthService.exe",""C:\Program Files\VMware\VMware Tools\VMware VGAuth\VGAuthService.exe"","SYSTEM","VMware, Inc.","VMware Guest Authentication","10.3.10.48871","VMware Guest Authentication Service","VMware, Inc.","NORMAL"
﻿"3004","ServiceHub.ThreadedWaitDialog.exe","6172","1691647207","C:\Program Files (x86)\Microsoft Visual Studio\2019\Community\Common7\ServiceHub\Hosts\ServiceHub.Host.CLR.x86\ServiceHub.ThreadedWaitDialog.exe"," ","test","Microsoft Corporation","ServiceHub.Host.CLR.x86","2.8.1021.41932","ServiceHub.ThreadedWaitDialog.exe","Microsoft","NORMAL"
﻿"3020","svchost.exe","656","1691580721","C:\Windows\System32\svchost.exe","C:\Windows\System32\svchost.exe -k NetSvcs -p -s iphlpsvc","SYSTEM","Microsoft Windows Publisher","MicrosoftR WindowsR Operating System","10.0.19041.3203 (WinBuild.160101.0800)","Windows Services DBz{","Microsoft Corporation","NORMAL"
﻿"3048","svchost.exe","656","1691580721","C:\Windows\System32\svchost.exe","C:\Windows\System32\svchost.exe -k LocalService -p -s WdiServiceHost","LOCAL SERVICE","Microsoft Windows Publisher","MicrosoftR WindowsR Operating System","10.0.19041.3203 (WinBuild.160101.0800)","Windows Services DBz{","Microsoft Corporation","NORMAL"
﻿"3104","MsMpEng.exe","656","1691580721"," "," "," "," "," "," "," "," "," "
﻿"3176","svchost.exe","656","1691580722","C:\Windows\System32\svchost.exe","C:\Windows\system32\svchost.exe -k netsvcs -p -s LanmanServer","SYSTEM","Microsoft Windows Publisher","MicrosoftR WindowsR Operating System","10.0.19041.3203 (WinBuild.160101.0800)","Windows Services DBz{","Microsoft Corporation","NORMAL"
﻿"3240","dwm.exe","5096","1691646338","C:\Windows\System32\dwm.exe",""dwm.exe"","DWM-2"," ","MicrosoftR WindowsR Operating System","10.0.19041.3203 (WinBuild.160101.0800)","ୱ޲z","Microsoft Corporation","HIGH"
﻿"3288","svchost.exe","656","1691580722","C:\Windows\System32\svchost.exe","C:\Windows\System32\svchost.exe -k netsvcs","SYSTEM","Microsoft Windows Publisher","MicrosoftR WindowsR Operating System","10.0.19041.3203 (WinBuild.160101.0800)","Windows Services DBz{","Microsoft Corporation","NORMAL"
﻿"3312","svchost.exe","656","1691598475","C:\Windows\System32\svchost.exe","C:\Windows\system32\svchost.exe -k netsvcs -p -s lfsvc","SYSTEM","Microsoft Windows Publisher","MicrosoftR WindowsR Operating System","10.0.19041.3203 (WinBuild.160101.0800)","Windows Services DBz{","Microsoft Corporation","NORMAL"
﻿"3316","svchost.exe","656","1691646354","C:\Windows\System32\svchost.exe","C:\Windows\system32\svchost.exe -k UnistackSvcGroup -s WpnUserService","test","Microsoft Windows Publisher","MicrosoftR WindowsR Operating System","10.0.19041.3203 (WinBuild.160101.0800)","Windows Services DBz{","Microsoft Corporation","NORMAL"
﻿"3324","taskhostw.exe","1784","1691646355","C:\Windows\System32\taskhostw.exe","taskhostw.exe {222A245B-E637-4AE9-A93F-A59CA119A75E}","test","Microsoft Windows","MicrosoftR WindowsR Operating System","10.0.19041.3203 (WinBuild.160101.0800)","Windows u@DBz{","Microsoft Corporation","NORMAL"
﻿"3452","devenv.exe","5476","1691647199","C:\Program Files (x86)\Microsoft Visual Studio\2019\Community\Common7\IDE\devenv.exe",""C:\Program Files (x86)\Microsoft Visual Studio\2019\Community\Common7\IDE\devenv.exe" "C:\Users\test\Downloads\onlinesearch\onlinesearch\OnlineSearch.sln"","test","Microsoft Corporation","MicrosoftR Visual StudioR","16.11.33801.447 built by: D16.11","Microsoft Visual Studio 2019","Microsoft Corporation","NORMAL"
﻿"3564","dllhost.exe","656","1691580736","C:\Windows\System32\dllhost.exe","C:\Windows\system32\dllhost.exe /Processid:{02D4B3F1-FD88-11D1-960D-00805FC79235}","SYSTEM","Microsoft Windows","MicrosoftR WindowsR Operating System","10.0.19041.546 (WinBuild.160101.0800)","COM Surrogate","Microsoft Corporation","NORMAL"
﻿"3716","svchost.exe","656","1691580725","C:\Windows\System32\svchost.exe","C:\Windows\system32\svchost.exe -k LocalService -p -s DispBrokerDesktopSvc","LOCAL SERVICE","Microsoft Windows Publisher","MicrosoftR WindowsR Operating System","10.0.19041.3203 (WinBuild.160101.0800)","Windows Services DBz{","Microsoft Corporation","NORMAL"
﻿"3756","svchost.exe","656","1691646355","C:\Windows\System32\svchost.exe","C:\Windows\System32\svchost.exe -k LocalSystemNetworkRestricted -p -s TabletInputService","SYSTEM","Microsoft Windows Publisher","MicrosoftR WindowsR Operating System","10.0.19041.3203 (WinBuild.160101.0800)","Windows Services DBz{","Microsoft Corporation","NORMAL"
﻿"3792","Code.exe","10236","1691743396","C:\Users\test\AppData\Local\Programs\Microsoft VS Code\Code.exe"," ","test","Microsoft Corporation","Visual Studio Code","1.80.1","Visual Studio Code","Microsoft Corporation","NORMAL"
﻿"3992","RuntimeBroker.exe","808","1691646527","C:\Windows\System32\RuntimeBroker.exe","C:\Windows\System32\RuntimeBroker.exe -Embedding","test","Microsoft Windows","MicrosoftR WindowsR Operating System","10.0.19041.746 (WinBuild.160101.0800)","Runtime Broker","Microsoft Corporation","NORMAL"
﻿"4008","msedge.exe","7364","1691732827","C:\Program Files (x86)\Microsoft\Edge\Application\msedge.exe",""C:\Program Files (x86)\Microsoft\Edge\Application\msedge.exe" --type=gpu-process --gpu-preferences=WAAAAAAAAADgAAAMAAAAAAAAAAAAAAAAAABgAAAAAAA4AAAAAAAAAAAAAAAEAAAAAAAAAAAAAAAAAAAAAAAAAAAAAAAAAAAAGAAAAAAAAAAYAAAAAAAAAAgAAAAAAAAACAAAAAAAAAAIAAAAAAAAAA== --mojo-platform-channel-handle=2176 --field-trial-handle=2180,i,8901522426441626875,2559456068271332651,262144 /prefetch:2","test","Microsoft Corporation","Microsoft Edge","115.0.1901.200","Microsoft Edge","Microsoft Corporation","ABOVE_NORMAL"
﻿"4032","WmiPrvSE.exe","808","1691580738","C:\Windows\System32\wbem\WmiPrvSE.exe","C:\Windows\system32\wbem\wmiprvse.exe","NETWORK SERVICE"," ","MicrosoftR WindowsR Operating System","10.0.19041.546 (WinBuild.160101.0800)","WMI Provider Host","Microsoft Corporation","NORMAL"
﻿"4112","svchost.exe","656","1691580740","C:\Windows\System32\svchost.exe","C:\Windows\System32\svchost.exe -k LocalService -p -s LicenseManager","LOCAL SERVICE","Microsoft Windows Publisher","MicrosoftR WindowsR Operating System","10.0.19041.3203 (WinBuild.160101.0800)","Windows Services DBz{","Microsoft Corporation","NORMAL"
﻿"4180","msdtc.exe","656","1691580741","C:\Windows\System32\msdtc.exe","C:\Windows\System32\msdtc.exe","NETWORK SERVICE"," ","MicrosoftR WindowsR Operating System","2001.12.10941.16384 (WinBuild.160101.0800)","Microsoft վA","Microsoft Corporation","NORMAL"
﻿"4192","conhost.exe","7500","1691647205","C:\Windows\System32\conhost.exe","\??\C:\Windows\system32\conhost.exe 0x4","test"," ","MicrosoftR WindowsR Operating System","10.0.19041.3203 (WinBuild.160101.0800)","DxD","Microsoft Corporation","NORMAL"
﻿"4208","WUDFHost.exe","656","1691646338","C:\Windows\System32\WUDFHost.exe"," ","LOCAL SERVICE"," ","MicrosoftR WindowsR Operating System","10.0.19041.3203 (WinBuild.160101.0800)","Windows Xʵ{¦ - ϥΪ̼ҦXʵ{[cDBz{","Microsoft Corporation","NORMAL"
﻿"4212","SearchIndexer.exe","656","1691580864","C:\Windows\System32\SearchIndexer.exe","C:\Windows\system32\SearchIndexer.exe /Embedding","SYSTEM"," ","WindowsR Search","7.0.19041.3203 (WinBuild.160101.0800)","Microsoft Windows Search ޤl","Microsoft Corporation","NORMAL"
﻿"4364","svchost.exe","656","1691639226","C:\Windows\System32\svchost.exe","C:\Windows\system32\svchost.exe -k LocalServiceNetworkRestricted -p -s WinHttpAutoProxySvc","LOCAL SERVICE","Microsoft Windows Publisher","MicrosoftR WindowsR Operating System","10.0.19041.3203 (WinBuild.160101.0800)","Windows Services DBz{","Microsoft Corporation","NORMAL"
﻿"4416","svchost.exe","656","1691646341","C:\Windows\System32\svchost.exe","C:\Windows\system32\svchost.exe -k LocalSystemNetworkRestricted -s ScDeviceEnum","SYSTEM","Microsoft Windows Publisher","MicrosoftR WindowsR Operating System","10.0.19041.3203 (WinBuild.160101.0800)","Windows Services DBz{","Microsoft Corporation","NORMAL"
﻿"4424","powershell.exe","5772","1691650350","C:\Windows\System32\WindowsPowerShell\v1.0\powershell.exe","C:\Windows\System32\WindowsPowerShell\v1.0\powershell.exe","test"," ","MicrosoftR WindowsR Operating System","10.0.19041.3203 (WinBuild.160101.0800)","Windows PowerShell","Microsoft Corporation","NORMAL"
﻿"4516","svchost.exe","656","1691580863","C:\Windows\System32\svchost.exe","C:\Windows\system32\svchost.exe -k netsvcs -p -s UsoSvc","SYSTEM","Microsoft Windows Publisher","MicrosoftR WindowsR Operating System","10.0.19041.3203 (WinBuild.160101.0800)","Windows Services DBz{","Microsoft Corporation","NORMAL"
﻿"4560","NisSrv.exe","656","1691580752"," "," "," "," "," "," "," "," "," "
﻿"4688","svchost.exe","656","1691580847","C:\Windows\System32\svchost.exe","C:\Windows\system32\svchost.exe -k LocalService -p -s CDPSvc","LOCAL SERVICE","Microsoft Windows Publisher","MicrosoftR WindowsR Operating System","10.0.19041.3203 (WinBuild.160101.0800)","Windows Services DBz{","Microsoft Corporation","NORMAL"
﻿"4712","CodeSetup-stable-6c3e3dba23e8fadc360aed75ce363ba185c49794.tmp","13784","1691743443","C:\Users\test\AppData\Local\Temp\is-PL82Q.tmp\CodeSetup-stable-6c3e3dba23e8fadc360aed75ce363ba185c49794.tmp",""C:\Users\test\AppData\Local\Temp\is-PL82Q.tmp\CodeSetup-stable-6c3e3dba23e8fadc360aed75ce363ba185c49794.tmp" /SL5="$1201D4,92319961,828416,C:\Users\test\AppData\Local\Temp\vscode-stable-user-x64\CodeSetup-stable-6c3e3dba23e8fadc360aed75ce363ba185c49794.exe" /verysilent /log /update="C:\Users\test\AppData\Local\Temp\vscode-stable-user-x64\CodeSetup-stable-6c3e3dba23e8fadc360aed75ce363ba185c49794.flag" /nocloseapplications /mergetasks=runcode,!desktopicon,!quicklaunchicon","test","Microsoft Corporation","Visual Studio Code                                          ","51.1052.0.0","Setup/Uninstall","Microsoft Corporation                                       ","NORMAL"
﻿"4740","vcpkgsrv.exe","5744","1691736731","C:\Program Files (x86)\Microsoft Visual Studio\2019\Community\Common7\IDE\VC\vcpackages\vcpkgsrv.exe","-q -s {F56620B8-BADA-4644-BB60-5916E2E37A2D} -p 5744 -i IntelliSense -r "C:\Program Files (x86)\Microsoft Visual Studio\2019\Community\common7\ide\VSReliability.dll"","test","Microsoft Corporation","MicrosoftR Visual StudioR","16.0.33801.447 built by: D16.11","Microsoft (R) Visual C++ Package Server","Microsoft Corporation","NORMAL"
﻿"4848","svchost.exe","656","1691580762","C:\Windows\System32\svchost.exe","C:\Windows\system32\svchost.exe -k LocalServiceAndNoImpersonation -p -s SSDPSRV","LOCAL SERVICE","Microsoft Windows Publisher","MicrosoftR WindowsR Operating System","10.0.19041.3203 (WinBuild.160101.0800)","Windows Services DBz{","Microsoft Corporation","NORMAL"
﻿"4964","vcpkgsrv.exe","3452","1691650057","C:\Program Files (x86)\Microsoft Visual Studio\2019\Community\Common7\IDE\VC\vcpackages\vcpkgsrv.exe","-q -s {31FB89D5-D024-4CAF-9918-39364FE3B7A0} -p 3452 -i IntelliSense -r "C:\Program Files (x86)\Microsoft Visual Studio\2019\Community\common7\ide\VSReliability.dll"","test","Microsoft Corporation","MicrosoftR Visual StudioR","16.0.33801.447 built by: D16.11","Microsoft (R) Visual C++ Package Server","Microsoft Corporation","NORMAL"
﻿"4972","svchost.exe","656","1691580853","C:\Windows\system32\svchost.exe"," "," ","Microsoft Windows Publisher","MicrosoftR WindowsR Operating System","10.0.19041.3203 (WinBuild.160101.0800)","Windows Services DBz{","Microsoft Corporation"," "
﻿"5048","UserOOBEBroker.exe","808","1691647006","C:\Windows\System32\oobe\UserOOBEBroker.exe","C:\Windows\System32\oobe\UserOOBEBroker.exe -Embedding","test"," ","MicrosoftR WindowsR Operating System","10.0.19041.2486 (WinBuild.160101.0800)","User OOBE Broker","Microsoft Corporation","NORMAL"
﻿"5096","winlogon.exe","452","1691646337","C:\Windows\System32\winlogon.exe","winlogon.exe","SYSTEM"," ","MicrosoftR WindowsR Operating System","10.0.19041.3203 (WinBuild.160101.0800)","Windows nJε{","Microsoft Corporation","HIGH"
﻿"5100","Microsoft.Photos.exe","808","1691648156","C:\Program Files\WindowsApps\Microsoft.Windows.Photos_2023.10070.17002.0_x64__8wekyb3d8bbwe\Microsoft.Photos.exe",""C:\Program Files\WindowsApps\Microsoft.Windows.Photos_2023.10070.17002.0_x64__8wekyb3d8bbwe\Microsoft.Photos.exe" -ServerName:App.AppXzst44mncqdg84v7sv6p7yznqwssy6f7f.mca","test"," "," "," "," "," ","NORMAL"
﻿"5108","ServiceHub.Host.CLR.x64.exe","8128","1691646873","C:\Program Files (x86)\Microsoft Visual Studio\2019\Community\Common7\ServiceHub\Hosts\ServiceHub.Host.CLR.x64\ServiceHub.Host.CLR.x64.exe"," ","test","Microsoft Corporation","ServiceHub.Host.CLR.x64","2.8.1021.41932","ServiceHub.Host.CLR.x64","Microsoft","NORMAL"
﻿"5116","svchost.exe","656","1691581080","C:\Windows\System32\svchost.exe","C:\Windows\System32\svchost.exe -k netsvcs -p","SYSTEM","Microsoft Windows Publisher","MicrosoftR WindowsR Operating System","10.0.19041.3203 (WinBuild.160101.0800)","Windows Services DBz{","Microsoft Corporation","NORMAL"
﻿"5236","ctfmon.exe","3756","1691646356","C:\Windows\System32\ctfmon.exe",""ctfmon.exe"","test"," ","MicrosoftR WindowsR Operating System","10.0.19041.3203 (WinBuild.160101.0800)","CTF J{","Microsoft Corporation","HIGH"
﻿"5384","ServiceHub.TestWindowStoreHost.exe","8128","1691650893","C:\Program Files (x86)\Microsoft Visual Studio\2019\Community\Common7\ServiceHub\Hosts\ServiceHub.Host.CLR.AnyCPU\ServiceHub.TestWindowStoreHost.exe"," ","test","Microsoft Corporation","ServiceHub.Host.CLR","2.8.1021.41932","ServiceHub.TestWindowStoreHost.exe","Microsoft","NORMAL"
﻿"5476","explorer.exe","5416","1691646357","C:\Windows\explorer.exe","C:\Windows\Explorer.EXE","test","Microsoft Windows","MicrosoftR WindowsR Operating System","10.0.19041.3203 (WinBuild.160101.0800)","Windows ɮ`","Microsoft Corporation","NORMAL"
﻿"5532","svchost.exe","656","1691646377","C:\Windows\System32\svchost.exe","C:\Windows\system32\svchost.exe -k ClipboardSvcGroup -p -s cbdhsvc","test","Microsoft Windows Publisher","MicrosoftR WindowsR Operating System","10.0.19041.3203 (WinBuild.160101.0800)","Windows Services DBz{","Microsoft Corporation","NORMAL"
﻿"5744","devenv.exe","5476","1691646639","C:\Program Files (x86)\Microsoft Visual Studio\2019\Community\Common7\IDE\devenv.exe",""C:\Program Files (x86)\Microsoft Visual Studio\2019\Community\Common7\IDE\devenv.exe" "C:\james\eDetectorWindowsAgent_VS2019\Agent_VS2019.sln"","test","Microsoft Corporation","MicrosoftR Visual StudioR","16.11.33801.447 built by: D16.11","Microsoft Visual Studio 2019","Microsoft Corporation","NORMAL"
﻿"5772","WindowsTerminal.exe","5476","1691650349","C:\Program Files\WindowsApps\Microsoft.WindowsTerminal_1.17.11461.0_x64__8wekyb3d8bbwe\WindowsTerminal.exe",""C:\Program Files\WindowsApps\Microsoft.WindowsTerminal_1.17.11461.0_x64__8wekyb3d8bbwe\WindowsTerminal.exe" ","test","Microsoft Corporation"," "," "," "," ","NORMAL"
﻿"5836","svchost.exe","656","1691646361","C:\Windows\System32\svchost.exe","C:\Windows\System32\svchost.exe -k UnistackSvcGroup","test","Microsoft Windows Publisher","MicrosoftR WindowsR Operating System","10.0.19041.3203 (WinBuild.160101.0800)","Windows Services DBz{","Microsoft Corporation","NORMAL"
﻿"5872","SearchApp.exe","808","1691647606","C:\Windows\SystemApps\Microsoft.Windows.Search_cw5n1h2txyewy\SearchApp.exe",""C:\Windows\SystemApps\Microsoft.Windows.Search_cw5n1h2txyewy\SearchApp.exe" -ServerName:ShellFeedsUI.AppX88fpyyrd21w8wqe62wzsjh5agex7tf1e.mca","test","Microsoft Windows","MicrosoftR WindowsR Operating System","10.0.19041.3271 (WinBuild.160101.0800)","Search application","Microsoft Corporation","NORMAL"
﻿"5912","svchost.exe","656","1691646363","C:\Windows\System32\svchost.exe","C:\Windows\system32\svchost.exe -k netsvcs -p -s Appinfo","SYSTEM","Microsoft Windows Publisher","MicrosoftR WindowsR Operating System","10.0.19041.3203 (WinBuild.160101.0800)","Windows Services DBz{","Microsoft Corporation","NORMAL"
﻿"5964","vcpkgsrv.exe","3452","1691662051","C:\Program Files (x86)\Microsoft Visual Studio\2019\Community\Common7\IDE\VC\vcpackages\vcpkgsrv.exe","-q -s {576DFAC0-37D7-4624-B754-8216E212650B} -p 3452 -i IntelliSense -r "C:\Program Files (x86)\Microsoft Visual Studio\2019\Community\common7\ide\VSReliability.dll"","test","Microsoft Corporation","MicrosoftR Visual StudioR","16.0.33801.447 built by: D16.11","Microsoft (R) Visual C++ Package Server","Microsoft Corporation","NORMAL"
﻿"6052","VcxprojReader.exe","3452","1691647205","C:\Program Files (x86)\Microsoft Visual Studio\2019\Community\Common7\IDE\VcxprojReader.exe",""C:\Program Files (x86)\Microsoft Visual Studio\2019\Community\Common7\IDE\VcxprojReader.exe" /DataBase:"C:\Users\test\Downloads\onlinesearch\onlinesearch\.vs\OnlineSearch\v16\Solution.VC.db" /Pipe:"VcxprojReader{C4BFE98B-8BCF-44BD-9FDE-C3C1F4496561}" /WaitForMoreInput /CompletedMessage:WaitingForInput... /v:m","test","Microsoft Corporation","MicrosoftR Visual StudioR","16.0.33801.447","VcxprojReader.exe","Microsoft Corporation","NORMAL"
﻿"6140","Code.exe","10236","1691743408","C:\Users\test\AppData\Local\Programs\Microsoft VS Code\Code.exe"," ","test","Microsoft Corporation","Visual Studio Code","1.80.1","Visual Studio Code","Microsoft Corporation","NORMAL"
﻿"6172","Microsoft.ServiceHub.Controller.exe","3452","1691647203","C:\Program Files (x86)\Microsoft Visual Studio\2019\Community\Common7\ServiceHub\controller\Microsoft.ServiceHub.Controller.exe"," ","test","Microsoft Corporation","Microsoft.ServiceHub.Controller","2.8.1021.41932","Microsoft.ServiceHub.Controller","Microsoft","NORMAL"
﻿"6244","ServiceHub.VSDetouredHost.exe","6172","1691647204","C:\Program Files (x86)\Microsoft Visual Studio\2019\Community\Common7\ServiceHub\Hosts\ServiceHub.Host.CLR.x86\ServiceHub.VSDetouredHost.exe"," ","test","Microsoft Corporation","ServiceHub.Host.CLR.x86","2.8.1021.41932","ServiceHub.VSDetouredHost.exe","Microsoft","NORMAL"
﻿"6260","msedge.exe","7364","1691732827","C:\Program Files (x86)\Microsoft\Edge\Application\msedge.exe",""C:\Program Files (x86)\Microsoft\Edge\Application\msedge.exe" --type=utility --utility-sub-type=storage.mojom.StorageService --lang=zh-TW --service-sandbox-type=service --mojo-platform-channel-handle=2488 --field-trial-handle=2180,i,8901522426441626875,2559456068271332651,262144 /prefetch:8","test","Microsoft Corporation","Microsoft Edge","115.0.1901.200","Microsoft Edge","Microsoft Corporation","NORMAL"
﻿"6316","vcpkgsrv.exe","3452","1691724475","C:\Program Files (x86)\Microsoft Visual Studio\2019\Community\Common7\IDE\VC\vcpackages\vcpkgsrv.exe","-q -s {66763EA4-0E3B-43B1-93C2-81E53BBE02CD} -p 3452 -i IntelliSense -r "C:\Program Files (x86)\Microsoft Visual Studio\2019\Community\common7\ide\VSReliability.dll"","test","Microsoft Corporation","MicrosoftR Visual StudioR","16.0.33801.447 built by: D16.11","Microsoft (R) Visual C++ Package Server","Microsoft Corporation","NORMAL"
﻿"6388","powershell.exe","5772","1691651210","C:\Windows\System32\WindowsPowerShell\v1.0\powershell.exe","C:\Windows\System32\WindowsPowerShell\v1.0\powershell.exe","test"," ","MicrosoftR WindowsR Operating System","10.0.19041.3203 (WinBuild.160101.0800)","Windows PowerShell","Microsoft Corporation","NORMAL"
﻿"6456","StartMenuExperienceHost.exe","808","1691646391","C:\Windows\SystemApps\Microsoft.Windows.StartMenuExperienceHost_cw5n1h2txyewy\StartMenuExperienceHost.exe",""C:\Windows\SystemApps\Microsoft.Windows.StartMenuExperienceHost_cw5n1h2txyewy\StartMenuExperienceHost.exe" -ServerName:App.AppXywbrabmsek0gm3tkwpr5kwzbs55tkqay.mca","test","Microsoft Windows"," "," "," "," ","NORMAL"
﻿"6480","TextInputHost.exe","808","1691646391","C:\Windows\SystemApps\MicrosoftWindows.Client.CBS_cw5n1h2txyewy\TextInputHost.exe",""C:\Windows\SystemApps\MicrosoftWindows.Client.CBS_cw5n1h2txyewy\TextInputHost.exe" -ServerName:InputApp.AppXjd5de1g66v206tj52m9d0dtpppx4cgpn.mca","test"," ","MicrosoftR WindowsR Operating System","121.9202.5630.0"," ","Microsoft Corporation","NORMAL"
﻿"6732","RuntimeBroker.exe","808","1691646393","C:\Windows\System32\RuntimeBroker.exe","C:\Windows\System32\RuntimeBroker.exe -Embedding","test","Microsoft Windows","MicrosoftR WindowsR Operating System","10.0.19041.746 (WinBuild.160101.0800)","Runtime Broker","Microsoft Corporation","NORMAL"
﻿"6744","ServiceHub.Host.CLR.x86.exe","6172","1691647253","C:\Program Files (x86)\Microsoft Visual Studio\2019\Community\Common7\ServiceHub\Hosts\ServiceHub.Host.CLR.x86\ServiceHub.Host.CLR.x86.exe"," ","test","Microsoft Corporation","ServiceHub.Host.CLR.x86","2.8.1021.41932","ServiceHub.Host.CLR.x86","Microsoft","NORMAL"
﻿"6752","dllhost.exe","808","1691650267","C:\Windows\System32\dllhost.exe","C:\Windows\system32\DllHost.exe /Processid:{AB8902B4-09CA-4BB6-B78D-A8F59079A8D5}","test","Microsoft Windows","MicrosoftR WindowsR Operating System","10.0.19041.546 (WinBuild.160101.0800)","COM Surrogate","Microsoft Corporation","NORMAL"
﻿"6780","PerfWatson2.exe","5744","1691646646","C:\Program Files (x86)\Microsoft Visual Studio\2019\Community\Common7\IDE\PerfWatson2.exe",""C:\Program Files (x86)\Microsoft Visual Studio\2019\Community\Common7\IDE\PerfWatson2.exe" -p 5744 -version 16 -role 3 {%22IsOptedIn%22:true,%22HostName%22:%22Dev14%22,%22AppInsightsInstrumentationKey%22:%22f144292e-e3b2-4011-ac90-20e5c03fbce5%22,%22AsimovInstrumentationKey%22:%22AIF-312cbd79-9dbb-4c48-a7da-3cc2a931cb70%22,%22AppId%22:1001,%22UserId%22:%22d63a1180-0e76-4f30-bd02-6a42fd2a9d9b%22,%22Id%22:%2288a08c76-04b1-4384-a192-d404d413143f%22,%22ProcessStartTime%22:638272434397575822}","test","Microsoft Corporation","MicrosoftR Visual StudioR","16.0.33801.447","PerfWatson2.exe","Microsoft Corporation","NORMAL"
﻿"6808","vcpkgsrv.exe","5744","1691738497","C:\Program Files (x86)\Microsoft Visual Studio\2019\Community\Common7\IDE\VC\vcpackages\vcpkgsrv.exe","-q -s {198E43BB-A3E4-470C-A3DC-5B7534D1B0D8} -p 5744 -i IntelliSense -r "C:\Program Files (x86)\Microsoft Visual Studio\2019\Community\common7\ide\VSReliability.dll"","test","Microsoft Corporation","MicrosoftR Visual StudioR","16.0.33801.447 built by: D16.11","Microsoft (R) Visual C++ Package Server","Microsoft Corporation","NORMAL"
﻿"6848","Code.exe","10236","1691743407","C:\Users\test\AppData\Local\Programs\Microsoft VS Code\Code.exe"," ","test","Microsoft Corporation","Visual Studio Code","1.80.1","Visual Studio Code","Microsoft Corporation","NORMAL"
﻿"6900","ServiceHub.TestWindowStoreHost.exe","6172","1691647259","C:\Program Files (x86)\Microsoft Visual Studio\2019\Community\Common7\ServiceHub\Hosts\ServiceHub.Host.CLR.AnyCPU\ServiceHub.TestWindowStoreHost.exe"," ","test","Microsoft Corporation","ServiceHub.Host.CLR","2.8.1021.41932","ServiceHub.TestWindowStoreHost.exe","Microsoft","NORMAL"
﻿"7132","SearchApp.exe","808","1691646399","C:\Windows\SystemApps\Microsoft.Windows.Search_cw5n1h2txyewy\SearchApp.exe",""C:\Windows\SystemApps\Microsoft.Windows.Search_cw5n1h2txyewy\SearchApp.exe" -ServerName:CortanaUI.AppX8z9r6jm96hw4bsbneegw0kyxx296wr9t.mca","test","Microsoft Windows","MicrosoftR WindowsR Operating System","10.0.19041.3271 (WinBuild.160101.0800)","Search application","Microsoft Corporation","NORMAL"
﻿"7164","ServiceHub.ThreadedWaitDialog.exe","8128","1691646781","C:\Program Files (x86)\Microsoft Visual Studio\2019\Community\Common7\ServiceHub\Hosts\ServiceHub.Host.CLR.x86\ServiceHub.ThreadedWaitDialog.exe"," ","test","Microsoft Corporation","ServiceHub.Host.CLR.x86","2.8.1021.41932","ServiceHub.ThreadedWaitDialog.exe","Microsoft","NORMAL"
﻿"7236","OpenConsole.exe","5772","1691651210","C:\Program Files\WindowsApps\Microsoft.WindowsTerminal_1.17.11461.0_x64__8wekyb3d8bbwe\OpenConsole.exe",""C:\Program Files\WindowsApps\Microsoft.WindowsTerminal_1.17.11461.0_x64__8wekyb3d8bbwe\OpenConsole.exe" --headless --win32input --resizeQuirk --width 120 --height 30 --signal 0xc30 --server 0xc0c","test","Microsoft Corporation"," "," "," "," ","NORMAL"
﻿"7364","msedge.exe","12972","1691732826","C:\Program Files (x86)\Microsoft\Edge\Application\msedge.exe",""C:\Program Files (x86)\Microsoft\Edge\Application\msedge.exe" --no-startup-window /prefetch:5","test","Microsoft Corporation","Microsoft Edge","115.0.1901.200","Microsoft Edge","Microsoft Corporation","NORMAL"
﻿"7460","RuntimeBroker.exe","808","1691646413","C:\Windows\System32\RuntimeBroker.exe","C:\Windows\System32\RuntimeBroker.exe -Embedding","test","Microsoft Windows","MicrosoftR WindowsR Operating System","10.0.19041.746 (WinBuild.160101.0800)","Runtime Broker","Microsoft Corporation","NORMAL"
﻿"7500","VcxprojReader.exe","3452","1691647205","C:\Program Files (x86)\Microsoft Visual Studio\2019\Community\Common7\IDE\VcxprojReader.exe",""C:\Program Files (x86)\Microsoft Visual Studio\2019\Community\Common7\IDE\VcxprojReader.exe" /DataBase:"C:\Users\test\Downloads\onlinesearch\onlinesearch\.vs\OnlineSearch\v16\Solution.VC.db" /Pipe:"VcxprojReader{F951F52B-4664-4940-A5A8-B57D08E5D507}" /WaitForMoreInput /CompletedMessage:WaitingForInput... /v:m","test","Microsoft Corporation","MicrosoftR Visual StudioR","16.0.33801.447","VcxprojReader.exe","Microsoft Corporation","NORMAL"
﻿"7548","dllhost.exe","808","1691646414","C:\Windows\System32\dllhost.exe","C:\Windows\system32\DllHost.exe /Processid:{973D20D7-562D-44B9-B70B-5A0F49CCDF3F}","test","Microsoft Windows","MicrosoftR WindowsR Operating System","10.0.19041.546 (WinBuild.160101.0800)","COM Surrogate","Microsoft Corporation","NORMAL"
﻿"7664","ServiceHub.VSDetouredHost.exe","8128","1691646777","C:\Program Files (x86)\Microsoft Visual Studio\2019\Community\Common7\ServiceHub\Hosts\ServiceHub.Host.CLR.x86\ServiceHub.VSDetouredHost.exe"," ","test","Microsoft Corporation","ServiceHub.Host.CLR.x86","2.8.1021.41932","ServiceHub.VSDetouredHost.exe","Microsoft","NORMAL"
﻿"7684","SecurityHealthSystray.exe","5476","1691646417","C:\Windows\System32\SecurityHealthSystray.exe",""C:\Windows\System32\SecurityHealthSystray.exe" ","test"," ","MicrosoftR WindowsR Operating System","10.0.19041.1 (WinBuild.160101.0800)","Windows Security notification icon","Microsoft Corporation","NORMAL"
﻿"7768","vmtoolsd.exe","5476","1691646418","C:\Program Files\VMware\VMware Tools\vmtoolsd.exe",""C:\Program Files\VMware\VMware Tools\vmtoolsd.exe" -n vmusr","test","VMware, Inc.","VMware Tools","10.3.10.10540","VMware Tools Core Service","VMware, Inc.","NORMAL"
﻿"7796","SearchApp.exe","808","1691742453","C:\Windows\SystemApps\Microsoft.Windows.Search_cw5n1h2txyewy\SearchApp.exe",""C:\Windows\SystemApps\Microsoft.Windows.Search_cw5n1h2txyewy\SearchApp.exe" -ServerName:CortanaUI.AppX8z9r6jm96hw4bsbneegw0kyxx296wr9t.mca","test","Microsoft Windows","MicrosoftR WindowsR Operating System","10.0.19041.3271 (WinBuild.160101.0800)","Search application","Microsoft Corporation","NORMAL"
﻿"8100","notepad.exe","5476","1691646421","C:\Windows\System32\notepad.exe",""C:\Windows\System32\notepad.exe" RestartByRestartManager:A04597A6-C485-450a-B047-9D1123A075D2","test"," ","MicrosoftR WindowsR Operating System","10.0.19041.3203 (WinBuild.160101.0800)","Oƥ","Microsoft Corporation","NORMAL"
﻿"8128","Microsoft.ServiceHub.Controller.exe","5744","1691646651","C:\Program Files (x86)\Microsoft Visual Studio\2019\Community\Common7\ServiceHub\controller\Microsoft.ServiceHub.Controller.exe"," ","test","Microsoft Corporation","Microsoft.ServiceHub.Controller","2.8.1021.41932","Microsoft.ServiceHub.Controller","Microsoft","NORMAL"
﻿"8196","ServiceHub.SettingsHost.exe","8128","1691646863","C:\Program Files (x86)\Microsoft Visual Studio\2019\Community\Common7\ServiceHub\Hosts\ServiceHub.Host.CLR.x86\ServiceHub.SettingsHost.exe"," ","test","Microsoft Corporation","ServiceHub.Host.CLR.x86","2.8.1021.41932","ServiceHub.SettingsHost.exe","Microsoft","NORMAL"
﻿"8548","ServiceHub.Host.CLR.x86.exe","8128","1691646877","C:\Program Files (x86)\Microsoft Visual Studio\2019\Community\Common7\ServiceHub\Hosts\ServiceHub.Host.CLR.x86\ServiceHub.Host.CLR.x86.exe"," ","test","Microsoft Corporation","ServiceHub.Host.CLR.x86","2.8.1021.41932","ServiceHub.Host.CLR.x86","Microsoft","NORMAL"
﻿"8732","ShellExperienceHost.exe","808","1691646526","C:\Windows\SystemApps\ShellExperienceHost_cw5n1h2txyewy\ShellExperienceHost.exe",""C:\Windows\SystemApps\ShellExperienceHost_cw5n1h2txyewy\ShellExperienceHost.exe" -ServerName:App.AppXtk181tbxbce2qsex02s8tw7hfxa9xb3t.mca","test","Microsoft Windows","MicrosoftR WindowsR Operating System","10.0.19041.3031 (WinBuild.160101.0800)","Windows Shell Experience Host","Microsoft Corporation","NORMAL"
﻿"8748","vcpkgsrv.exe","3452","1691647226","C:\Program Files (x86)\Microsoft Visual Studio\2019\Community\Common7\IDE\VC\vcpackages\vcpkgsrv.exe","-s {3BE428B9-51EB-4AB3-8D93-E8F7F8E155EA} -p 3452 -i TagParser -r "C:\Program Files (x86)\Microsoft Visual Studio\2019\Community\common7\ide\VSReliability.dll"","test","Microsoft Corporation","MicrosoftR Visual StudioR","16.0.33801.447 built by: D16.11","Microsoft (R) Visual C++ Package Server","Microsoft Corporation","NORMAL"
﻿"8936","PerfWatson2.exe","3452","1691647201","C:\Program Files (x86)\Microsoft Visual Studio\2019\Community\Common7\IDE\PerfWatson2.exe",""C:\Program Files (x86)\Microsoft Visual Studio\2019\Community\Common7\IDE\PerfWatson2.exe" -p 3452 -version 16 -role 3 {%22IsOptedIn%22:true,%22HostName%22:%22Dev14%22,%22AppInsightsInstrumentationKey%22:%22f144292e-e3b2-4011-ac90-20e5c03fbce5%22,%22AsimovInstrumentationKey%22:%22AIF-312cbd79-9dbb-4c48-a7da-3cc2a931cb70%22,%22AppId%22:1001,%22UserId%22:%22d63a1180-0e76-4f30-bd02-6a42fd2a9d9b%22,%22Id%22:%220a19301b-b1d3-40d2-af4d-67631aa07ba4%22,%22ProcessStartTime%22:638272439991956545}","test","Microsoft Corporation","MicrosoftR Visual StudioR","16.0.33801.447","PerfWatson2.exe","Microsoft Corporation","NORMAL"
﻿"9388","svchost.exe","656","1691728812","C:\Windows\system32\svchost.exe"," "," ","Microsoft Windows Publisher","MicrosoftR WindowsR Operating System","10.0.19041.3203 (WinBuild.160101.0800)","Windows Services DBz{","Microsoft Corporation"," "
﻿"9432","ServiceHub.Host.CLR.x64.exe","6172","1691647229","C:\Program Files (x86)\Microsoft Visual Studio\2019\Community\Common7\ServiceHub\Hosts\ServiceHub.Host.CLR.x64\ServiceHub.Host.CLR.x64.exe"," ","test","Microsoft Corporation","ServiceHub.Host.CLR.x64","2.8.1021.41932","ServiceHub.Host.CLR.x64","Microsoft","NORMAL"
﻿"9540","ServiceHub.Host.CLR.x86.exe","6172","1691647233","C:\Program Files (x86)\Microsoft Visual Studio\2019\Community\Common7\ServiceHub\Hosts\ServiceHub.Host.CLR.x86\ServiceHub.Host.CLR.x86.exe"," ","test","Microsoft Corporation","ServiceHub.Host.CLR.x86","2.8.1021.41932","ServiceHub.Host.CLR.x86","Microsoft","NORMAL"
﻿"9768","vcpkgsrv.exe","3452","1691723656","C:\Program Files (x86)\Microsoft Visual Studio\2019\Community\Common7\IDE\VC\vcpackages\vcpkgsrv.exe","-q -s {35A594CA-02F6-4841-A89B-5A7BF2CF4291} -p 3452 -i IntelliSense -r "C:\Program Files (x86)\Microsoft Visual Studio\2019\Community\common7\ide\VSReliability.dll"","test","Microsoft Corporation","MicrosoftR Visual StudioR","16.0.33801.447 built by: D16.11","Microsoft (R) Visual C++ Package Server","Microsoft Corporation","NORMAL"
﻿"9796","ServiceHub.IdentityHost.exe","6172","1691647216","C:\Program Files (x86)\Microsoft Visual Studio\2019\Community\Common7\ServiceHub\Hosts\ServiceHub.Host.CLR.x86\ServiceHub.IdentityHost.exe"," ","test","Microsoft Corporation","ServiceHub.Host.CLR.x86","2.8.1021.41932","ServiceHub.IdentityHost.exe","Microsoft","NORMAL"
﻿"10020","ServiceHub.SettingsHost.exe","6172","1691647221","C:\Program Files (x86)\Microsoft Visual Studio\2019\Community\Common7\ServiceHub\Hosts\ServiceHub.Host.CLR.x86\ServiceHub.SettingsHost.exe"," ","test","Microsoft Corporation","ServiceHub.Host.CLR.x86","2.8.1021.41932","ServiceHub.SettingsHost.exe","Microsoft","NORMAL"
﻿"10144","msedge.exe","7364","1691732827","C:\Program Files (x86)\Microsoft\Edge\Application\msedge.exe"," ","test","Microsoft Corporation","Microsoft Edge","115.0.1901.200","Microsoft Edge","Microsoft Corporation","NORMAL"
﻿"10236","Code.exe","5476","1691743390","C:\Users\test\AppData\Local\Programs\Microsoft VS Code\Code.exe",""C:\Users\test\AppData\Local\Programs\Microsoft VS Code\Code.exe" "C:\james\eDetectorWindowsAgent_VS2019\x64\Debug\Obtained_NetworkResources.csv"","test","Microsoft Corporation","Visual Studio Code","1.80.1","Visual Studio Code","Microsoft Corporation","NORMAL"
﻿"10776","RuntimeBroker.exe","808","1691650273","C:\Windows\System32\RuntimeBroker.exe","C:\Windows\System32\RuntimeBroker.exe -Embedding","test","Microsoft Windows","MicrosoftR WindowsR Operating System","10.0.19041.746 (WinBuild.160101.0800)","Runtime Broker","Microsoft Corporation","NORMAL"
﻿"10784","RuntimeBroker.exe","808","1691648164","C:\Windows\System32\RuntimeBroker.exe","C:\Windows\System32\RuntimeBroker.exe -Embedding","test","Microsoft Windows","MicrosoftR WindowsR Operating System","10.0.19041.746 (WinBuild.160101.0800)","Runtime Broker","Microsoft Corporation","NORMAL"
﻿"10928","OpenConsole.exe","5772","1691650350","C:\Program Files\WindowsApps\Microsoft.WindowsTerminal_1.17.11461.0_x64__8wekyb3d8bbwe\OpenConsole.exe",""C:\Program Files\WindowsApps\Microsoft.WindowsTerminal_1.17.11461.0_x64__8wekyb3d8bbwe\OpenConsole.exe" --headless --win32input --resizeQuirk --width 120 --height 30 --signal 0xaf4 --server 0xaec","test","Microsoft Corporation"," "," "," "," ","NORMAL"
﻿"11008","vcpkgsrv.exe","5744","1691651042","C:\Program Files (x86)\Microsoft Visual Studio\2019\Community\Common7\IDE\VC\vcpackages\vcpkgsrv.exe","-s {E9113288-8BB4-43E4-9375-CB7F197320DD} -p 5744 -i TagParser -r "C:\Program Files (x86)\Microsoft Visual Studio\2019\Community\common7\ide\VSReliability.dll"","test","Microsoft Corporation","MicrosoftR Visual StudioR","16.0.33801.447 built by: D16.11","Microsoft (R) Visual C++ Package Server","Microsoft Corporation","NORMAL"
﻿"11132","Code.exe","10236","1691743400","C:\Users\test\AppData\Local\Programs\Microsoft VS Code\Code.exe"," ","test","Microsoft Corporation","Visual Studio Code","1.80.1","Visual Studio Code","Microsoft Corporation"," "
﻿"11552","vcpkgsrv.exe","3452","1691724473","C:\Program Files (x86)\Microsoft Visual Studio\2019\Community\Common7\IDE\VC\vcpackages\vcpkgsrv.exe","-q -s {E516FE4A-077F-43CF-91AE-FD723244D07D} -p 3452 -i IntelliSense -r "C:\Program Files (x86)\Microsoft Visual Studio\2019\Community\common7\ide\VSReliability.dll"","test","Microsoft Corporation","MicrosoftR Visual StudioR","16.0.33801.447 built by: D16.11","Microsoft (R) Visual C++ Package Server","Microsoft Corporation","NORMAL"
﻿"11788","powershell.exe","5772","1691650470","C:\Windows\System32\WindowsPowerShell\v1.0\powershell.exe","C:\Windows\System32\WindowsPowerShell\v1.0\powershell.exe","test"," ","MicrosoftR WindowsR Operating System","10.0.19041.3203 (WinBuild.160101.0800)","Windows PowerShell","Microsoft Corporation","NORMAL"
﻿"11796","OpenConsole.exe","5772","1691650470","C:\Program Files\WindowsApps\Microsoft.WindowsTerminal_1.17.11461.0_x64__8wekyb3d8bbwe\OpenConsole.exe",""C:\Program Files\WindowsApps\Microsoft.WindowsTerminal_1.17.11461.0_x64__8wekyb3d8bbwe\OpenConsole.exe" --headless --win32input --resizeQuirk --width 120 --height 30 --signal 0x820 --server 0x6e0","test","Microsoft Corporation"," "," "," "," ","NORMAL"
﻿"12176","vcpkgsrv.exe","3452","1691723659","C:\Program Files (x86)\Microsoft Visual Studio\2019\Community\Common7\IDE\VC\vcpackages\vcpkgsrv.exe","-q -s {E92123A5-3524-4DF5-92DE-761FDAC87595} -p 3452 -i IntelliSense -r "C:\Program Files (x86)\Microsoft Visual Studio\2019\Community\common7\ide\VSReliability.dll"","test","Microsoft Corporation","MicrosoftR Visual StudioR","16.0.33801.447 built by: D16.11","Microsoft (R) Visual C++ Package Server","Microsoft Corporation","NORMAL"
﻿"12236","OneDrive.exe","7816","1691732903","C:\Users\test\AppData\Local\Microsoft\OneDrive\OneDrive.exe"," /updateInstalled /background","test","Microsoft Corporation","Microsoft OneDrive","23.153.0724.0003","Microsoft OneDrive","Microsoft Corporation","NORMAL"
﻿"12376","ServiceHub.Host.CLR.x86.exe","8128","1691650889","C:\Program Files (x86)\Microsoft Visual Studio\2019\Community\Common7\ServiceHub\Hosts\ServiceHub.Host.CLR.x86\ServiceHub.Host.CLR.x86.exe"," ","test","Microsoft Corporation","ServiceHub.Host.CLR.x86","2.8.1021.41932","ServiceHub.Host.CLR.x86","Microsoft","NORMAL"
﻿"12912","Code.exe","10236","1691743409","C:\Users\test\AppData\Local\Programs\Microsoft VS Code\Code.exe"," ","test","Microsoft Corporation","Visual Studio Code","1.80.1","Visual Studio Code","Microsoft Corporation","NORMAL"
﻿"13352","Code.exe","10236","1691743394","C:\Users\test\AppData\Local\Programs\Microsoft VS Code\Code.exe"," ","test","Microsoft Corporation","Visual Studio Code","1.80.1","Visual Studio Code","Microsoft Corporation","NORMAL"
﻿"13536","vcpkgsrv.exe","5744","1691738503","C:\Program Files (x86)\Microsoft Visual Studio\2019\Community\Common7\IDE\VC\vcpackages\vcpkgsrv.exe","-q -s {CFEEBA89-37F7-4E9F-ADB6-235B7F9CBA23} -p 5744 -i IntelliSense -r "C:\Program Files (x86)\Microsoft Visual Studio\2019\Community\common7\ide\VSReliability.dll"","test","Microsoft Corporation","MicrosoftR Visual StudioR","16.0.33801.447 built by: D16.11","Microsoft (R) Visual C++ Package Server","Microsoft Corporation","NORMAL"
﻿"13684","msedge.exe","7364","1691732827","C:\Program Files (x86)\Microsoft\Edge\Application\msedge.exe",""C:\Program Files (x86)\Microsoft\Edge\Application\msedge.exe" --type=utility --utility-sub-type=network.mojom.NetworkService --lang=zh-TW --service-sandbox-type=none --mojo-platform-channel-handle=2228 --field-trial-handle=2180,i,8901522426441626875,2559456068271332651,262144 /prefetch:3","test","Microsoft Corporation","Microsoft Edge","115.0.1901.200","Microsoft Edge","Microsoft Corporation","NORMAL"
﻿"13784","CodeSetup-stable-6c3e3dba23e8fadc360aed75ce363ba185c49794.exe","10236","1691743442","C:\Users\test\AppData\Local\Temp\vscode-stable-user-x64\CodeSetup-stable-6c3e3dba23e8fadc360aed75ce363ba185c49794.exe","C:\Users\test\AppData\Local\Temp\vscode-stable-user-x64\CodeSetup-stable-6c3e3dba23e8fadc360aed75ce363ba185c49794.exe /verysilent /log /update="C:\Users\test\AppData\Local\Temp\vscode-stable-user-x64\CodeSetup-stable-6c3e3dba23e8fadc360aed75ce363ba185c49794.flag" /nocloseapplications /mergetasks=runcode,!desktopicon,!quicklaunchicon","test","Microsoft Corporation","Visual Studio Code                                          ","1.81.1              ","Visual Studio Code Setup                                    ","Microsoft Corporation                                       ","NORMAL"
﻿"13940","vcpkgsrv.exe","5744","1691737089","C:\Program Files (x86)\Microsoft Visual Studio\2019\Community\Common7\IDE\VC\vcpackages\vcpkgsrv.exe","-q -s {5C3F38D9-5988-454D-9475-2BF9DCC523EA} -p 5744 -i IntelliSense -r "C:\Program Files (x86)\Microsoft Visual Studio\2019\Community\common7\ide\VSReliability.dll"","test","Microsoft Corporation","MicrosoftR Visual StudioR","16.0.33801.447 built by: D16.11","Microsoft (R) Visual C++ Package Server","Microsoft Corporation","NORMAL"
﻿"14756","mspdbsrv.exe","11656","1691744421","C:\Program Files (x86)\Microsoft Visual Studio\2019\Community\VC\Tools\MSVC\14.29.30133\bin\Hostx86\x64\mspdbsrv.exe","mspdbsrv.exe -start -spawn","test","Microsoft Corporation","MicrosoftR Visual StudioR","14.29.30151.0 built by: cloudtest","MicrosoftR Program Database","Microsoft Corporation","NORMAL"
﻿"15144","Code.exe","10236","1691743395","C:\Users\test\AppData\Local\Programs\Microsoft VS Code\Code.exe"," ","test","Microsoft Corporation","Visual Studio Code","1.80.1","Visual Studio Code","Microsoft Corporation","ABOVE_NORMAL"
﻿"15412","Code.exe","10236","1691743408","C:\Users\test\AppData\Local\Programs\Microsoft VS Code\Code.exe"," ","test","Microsoft Corporation","Visual Studio Code","1.80.1","Visual Studio Code","Microsoft Corporation","NORMAL"
﻿"47300","HelpPane.exe","808","1691745960","C:\Windows\HelpPane.exe","C:\Windows\helppane.exe -Embedding","test"," ","MicrosoftR WindowsR Operating System","10.0.19041.3203 (WinBuild.160101.0800)","Microsoft Τ䴩","Microsoft Corporation","NORMAL"
﻿"47688","msedge.exe","7364","1691745962","C:\Program Files (x86)\Microsoft\Edge\Application\msedge.exe",""C:\Program Files (x86)\Microsoft\Edge\Application\msedge.exe" --type=renderer --disable-gpu-compositing --lang=zh-TW --js-flags=--ms-user-locale= --device-scale-factor=1 --num-raster-threads=1 --renderer-client-id=31 --time-ticks-at-unix-epoch=-1691580692586961 --launch-time-ticks=165270194816 --mojo-platform-channel-handle=5760 --field-trial-handle=2180,i,8901522426441626875,2559456068271332651,262144 /prefetch:1","test","Microsoft Corporation","Microsoft Edge","115.0.1901.200","Microsoft Edge","Microsoft Corporation"," "
﻿"47748","msedge.exe","7364","1691745962","C:\Program Files (x86)\Microsoft\Edge\Application\msedge.exe",""C:\Program Files (x86)\Microsoft\Edge\Application\msedge.exe" --type=renderer --disable-gpu-compositing --lang=zh-TW --js-flags=--ms-user-locale= --device-scale-factor=1 --num-raster-threads=1 --renderer-client-id=32 --time-ticks-at-unix-epoch=-1691580692586961 --launch-time-ticks=165270365230 --mojo-platform-channel-handle=6044 --field-trial-handle=2180,i,8901522426441626875,2559456068271332651,262144 /prefetch:1","test","Microsoft Corporation","Microsoft Edge","115.0.1901.200","Microsoft Edge","Microsoft Corporation"," "
﻿"47880","msedge.exe","7364","1691745963","C:\Program Files (x86)\Microsoft\Edge\Application\msedge.exe",""C:\Program Files (x86)\Microsoft\Edge\Application\msedge.exe" --type=renderer --disable-gpu-compositing --lang=zh-TW --js-flags=--ms-user-locale= --device-scale-factor=1 --num-raster-threads=1 --renderer-client-id=34 --time-ticks-at-unix-epoch=-1691580692586961 --launch-time-ticks=165270572922 --mojo-platform-channel-handle=6408 --field-trial-handle=2180,i,8901522426441626875,2559456068271332651,262144 /prefetch:1","test","Microsoft Corporation","Microsoft Edge","115.0.1901.200","Microsoft Edge","Microsoft Corporation"," "
﻿"48816","msedge.exe","7364","1691745967","C:\Program Files (x86)\Microsoft\Edge\Application\msedge.exe",""C:\Program Files (x86)\Microsoft\Edge\Application\msedge.exe" --type=renderer --disable-gpu-compositing --lang=zh-TW --js-flags=--ms-user-locale= --device-scale-factor=1 --num-raster-threads=1 --renderer-client-id=43 --time-ticks-at-unix-epoch=-1691580692586961 --launch-time-ticks=165274624412 --mojo-platform-channel-handle=7056 --field-trial-handle=2180,i,8901522426441626875,2559456068271332651,262144 /prefetch:1","test","Microsoft Corporation","Microsoft Edge","115.0.1901.200","Microsoft Edge","Microsoft Corporation"," "
﻿"48992","msedge.exe","7364","1691745969","C:\Program Files (x86)\Microsoft\Edge\Application\msedge.exe",""C:\Program Files (x86)\Microsoft\Edge\Application\msedge.exe" --type=utility --utility-sub-type=audio.mojom.AudioService --lang=zh-TW --service-sandbox-type=audio --mojo-platform-channel-handle=7108 --field-trial-handle=2180,i,8901522426441626875,2559456068271332651,262144 /prefetch:8","test","Microsoft Corporation","Microsoft Edge","115.0.1901.200","Microsoft Edge","Microsoft Corporation","NORMAL"
﻿"49840","msedge.exe","7364","1691746007","C:\Program Files (x86)\Microsoft\Edge\Application\msedge.exe",""C:\Program Files (x86)\Microsoft\Edge\Application\msedge.exe" --type=utility --utility-sub-type=edge_search_indexer.mojom.SearchIndexerInterfaceBroker --lang=zh-TW --service-sandbox-type=search_indexer --message-loop-type-ui --mojo-platform-channel-handle=5212 --field-trial-handle=2180,i,8901522426441626875,2559456068271332651,262144 /prefetch:8","test","Microsoft Corporation","Microsoft Edge","115.0.1901.200","Microsoft Edge","Microsoft Corporation","NORMAL"
﻿"59148","svchost.exe","656","1691746403","C:\Windows\System32\svchost.exe","C:\Windows\System32\svchost.exe -k LocalSystemNetworkRestricted -p -s WdiSystemHost","SYSTEM","Microsoft Windows Publisher","MicrosoftR WindowsR Operating System","10.0.19041.3203 (WinBuild.160101.0800)","Windows Services DBz{","Microsoft Corporation","NORMAL"
﻿"86960","svchost.exe","656","1691747657","C:\Windows\System32\svchost.exe","C:\Windows\system32\svchost.exe -k appmodel -p -s camsvc","SYSTEM","Microsoft Windows Publisher","MicrosoftR WindowsR Operating System","10.0.19041.3203 (WinBuild.160101.0800)","Windows Services DBz{","Microsoft Corporation","NORMAL"
﻿"89124","vcpkgsrv.exe","5744","1691747765","C:\Program Files (x86)\Microsoft Visual Studio\2019\Community\Common7\IDE\VC\vcpackages\vcpkgsrv.exe","-q -s {A4DAB3C8-1637-439E-981B-EC935ED72270} -p 5744 -i IntelliSense -r "C:\Program Files (x86)\Microsoft Visual Studio\2019\Community\common7\ide\VSReliability.dll"","test","Microsoft Corporation","MicrosoftR Visual StudioR","16.0.33801.447 built by: D16.11","Microsoft (R) Visual C++ Package Server","Microsoft Corporation","NORMAL"
﻿"92664","vcpkgsrv.exe","5744","1691747945","C:\Program Files (x86)\Microsoft Visual Studio\2019\Community\Common7\IDE\VC\vcpackages\vcpkgsrv.exe","-q -s {180788FD-8237-4213-87E3-F335E84D64FD} -p 5744 -i IntelliSense -r "C:\Program Files (x86)\Microsoft Visual Studio\2019\Community\common7\ide\VSReliability.dll"","test","Microsoft Corporation","MicrosoftR Visual StudioR","16.0.33801.447 built by: D16.11","Microsoft (R) Visual C++ Package Server","Microsoft Corporation","NORMAL"
﻿"94732","MSBuild.exe","5744","1691748047","C:\Program Files (x86)\Microsoft Visual Studio\2019\Community\MSBuild\Current\Bin\MSBuild.exe","C:\Program Files (x86)\Microsoft Visual Studio\2019\Community\MSBuild\Current\Bin\MSBuild.exe /nologo /nodemode:1 /nodeReuse:true /low:false","test","Microsoft Corporation","MicrosoftR Build ToolsR","16.11.2.50704","MSBuild.exe","Microsoft Corporation","NORMAL"
﻿"94760","conhost.exe","94732","1691748047","C:\Windows\System32\conhost.exe","\??\C:\Windows\system32\conhost.exe 0x4","test"," ","MicrosoftR WindowsR Operating System","10.0.19041.3203 (WinBuild.160101.0800)","DxD","Microsoft Corporation","NORMAL"
﻿"94916","SearchProtocolHost.exe","4212","1691748048","C:\Windows\System32\SearchProtocolHost.exe",""C:\Windows\system32\SearchProtocolHost.exe" Global\UsGthrFltPipeMssGthrPipe_S-1-5-21-2081973557-1603719640-2355346784-100191_ Global\UsGthrCtrlFltPipeMssGthrPipe_S-1-5-21-2081973557-1603719640-2355346784-100191 1 -2147483646 "Software\Microsoft\Windows Search" "Mozilla/4.0 (compatible; MSIE 6.0; Windows NT; MS Search 4.0 Robot)" "C:\ProgramData\Microsoft\Search\Data\Temp\usgthrsvc" "DownLevelDaemon"  "1"","test"," ","WindowsR Search","7.0.19041.3155 (WinBuild.160101.0800)","Microsoft Windows Search Protocol Host","Microsoft Corporation"," "
﻿"94948","SearchFilterHost.exe","4212","1691748048","C:\Windows\System32\SearchFilterHost.exe",""C:\Windows\system32\SearchFilterHost.exe" 0 804 808 816 8192 812 788 ","SYSTEM"," ","WindowsR Search","7.0.19041.3155 (WinBuild.160101.0800)","Microsoft Windows Search Filter Host","Microsoft Corporation"," "
﻿"97000","svchost.exe","656","1691748123","C:\Windows\system32\svchost.exe"," "," ","Microsoft Windows Publisher","MicrosoftR WindowsR Operating System","10.0.19041.3203 (WinBuild.160101.0800)","Windows Services DBz{","Microsoft Corporation"," "
﻿"97076","backgroundTaskHost.exe","808","1691748123","C:\Windows\System32\backgroundTaskHost.exe",""C:\Windows\system32\backgroundTaskHost.exe" -ServerName:ShellFeedsUI.AppXnj65k2d1a1rnztt2t2nng5ctmk3e76pn.mca","test","Microsoft Windows","MicrosoftR WindowsR Operating System","10.0.19041.546 (WinBuild.160101.0800)","Background Task Host","Microsoft Corporation","NORMAL"
﻿"97100","backgroundTaskHost.exe","808","1691748123","C:\Windows\System32\backgroundTaskHost.exe",""C:\Windows\system32\backgroundTaskHost.exe" -ServerName:Microsoft.MicrosoftOfficeHub.AppX54h2e8jwdm50fj5ha8987vz1etpx7czd.mca","test","Microsoft Windows","MicrosoftR WindowsR Operating System","10.0.19041.546 (WinBuild.160101.0800)","Background Task Host","Microsoft Corporation","NORMAL"
﻿"97188","RuntimeBroker.exe","808","1691748123","C:\Windows\System32\RuntimeBroker.exe","C:\Windows\System32\RuntimeBroker.exe -Embedding","test","Microsoft Windows","MicrosoftR WindowsR Operating System","10.0.19041.746 (WinBuild.160101.0800)","Runtime Broker","Microsoft Corporation","NORMAL"
﻿"97252","LocationNotificationWindows.exe","1784","1691748123","C:\Windows\System32\LocationNotificationWindows.exe",""C:\Windows\System32\LocationNotificationWindows.exe"","test"," ","MicrosoftR WindowsR Operating System","10.0.19041.3203 (WinBuild.160101.0800)","mq","Microsoft Corporation","BELOW_NORMAL"
﻿"97888","svchost.exe","656","1691748135","C:\Windows\System32\svchost.exe","C:\Windows\system32\svchost.exe -k netsvcs -p -s gpsvc","SYSTEM","Microsoft Windows Publisher","MicrosoftR WindowsR Operating System","10.0.19041.3203 (WinBuild.160101.0800)","Windows Services DBz{","Microsoft Corporation","NORMAL"
﻿"98488","vctip.exe","98220","1691748161","C:\Program Files (x86)\Microsoft Visual Studio\2019\Community\VC\Tools\MSVC\14.29.30133\bin\Hostx86\x64\vctip.exe",""C:\Program Files (x86)\Microsoft Visual Studio\2019\Community\VC\Tools\MSVC\14.29.30133\bin\HostX86\x64\VCTIP.EXE"","test","Microsoft Corporation","MicrosoftR Visual StudioR","14.29.30151.0 built by: cloudtest","MicrosoftR VC compiler and tools experience improvement data uploader","Microsoft Corporation","NORMAL"
