"name","caption","description","displayname","errorcontrol","pathname","processid","servicetype","started","startmode","startname","state","status","systemname"
﻿"AJRouter","AllJoyn Router Service","w糧 AllJoyn Τݸ AllJoyn TCpGAȡASۤvôѾ AllJoyn ΤݱNLkC","AllJoyn Router Service","Normal","C:\Windows\system32\svchost.exe -k LocalServiceNetworkRestricted -p","0","Share Process","Stopped","Manual","NT AUTHORITY\LocalService","Stopped","OK","DESKTOP-TC5H5CS"
﻿"ALG","Application Layer Gateway Service","ںsu@δѨOtӳqTw~{䴩C","Application Layer Gateway Service","Normal","C:\Windows\System32\alg.exe","0","Own Process","Stopped","Manual","NT AUTHORITY\LocalService","Stopped","OK","DESKTOP-TC5H5CS"
﻿"AppIDSvc","Application Identity","P_ýTwε{ѧOCΦAȱN AppLocker LkjC","Application Identity","Normal","C:\Windows\system32\svchost.exe -k LocalServiceNetworkRestricted -p","0","Share Process","Stopped","Manual","NT Authority\LocalService","Stopped","OK","DESKTOP-TC5H5CS"
﻿"Appinfo","Application Information","HL޲zvU椬ʦε{CϥΪ̦bQnu@ɥi|ݭnovCpGAȡAϥΪ̱NLkHL޲zvӱҰε{C","Application Information","Normal","C:\Windows\system32\svchost.exe -k netsvcs -p","5912","Share Process","Running","Manual","LocalSystem","Running","OK","DESKTOP-TC5H5CS"
﻿"AppMgmt","Application Management","wzL [sխh] ӳpnABzwˡBΦC|nDCYNAȰΡAϥΪ̱NLkwˡBΦC|zL [sխh] ӳpnAӥBP㦳TۨYAȡA]NLkҰʡC","Application Management","Normal","C:\Windows\system32\svchost.exe -k netsvcs -p","0","Share Process","Stopped","Manual","LocalSystem","Stopped","OK","DESKTOP-TC5H5CS"
﻿"AppReadiness","App Readiness","Ƨε{AѨϥΪ̲Ĥ@nJqMsWε{ɨϥΡC","App Readiness","Normal","C:\Windows\System32\svchost.exe -k AppReadiness -p","0","Share Process","Stopped","Manual","LocalSystem","Stopped","OK","DESKTOP-TC5H5CS"
﻿"AppVClient","Microsoft App-V Client","Manages App-V users and virtual applications","Microsoft App-V Client","Normal","C:\Windows\system32\AppVClient.exe","0","Own Process","Stopped","Disabled","LocalSystem","Stopped","OK","DESKTOP-TC5H5CS"
﻿"AppXSvc","AppX Deployment Service (AppXSVC)","ѳp Microsoft Store ε{¦c䴩CAȷ|ݭnҰʡAYΦAȡAMicrosoft Store ε{NLkptΤWAӥBiLkTB@C","AppX Deployment Service (AppXSVC)","Normal","C:\Windows\system32\svchost.exe -k wsappx -p","97000","Share Process","Running","Manual","LocalSystem","Running","OK","DESKTOP-TC5H5CS"
﻿"AssignedAccessManagerSvc","AssignedAccessManager A","AssignedAccessManager AȤ䴩 Windows  Kiosk C","AssignedAccessManager A","Normal","C:\Windows\system32\svchost.exe -k AssignedAccessManagerSvc","0","Share Process","Stopped","Manual","LocalSystem","Stopped","OK","DESKTOP-TC5H5CS"
﻿"AudioEndpointBuilder","Windows Audio Endpoint Builder","޲z Windows TAȪT˸mCpGAȡAT˸mMĪGNLk`B@CpGΦAȡAҦȚs󥦪AȳNLkҰʡC","Windows Audio Endpoint Builder","Normal","C:\Windows\System32\svchost.exe -k LocalSystemNetworkRestricted -p","1464","Share Process","Running","Auto","LocalSystem","Running","OK","DESKTOP-TC5H5CS"
﻿"Audiosrv","Windows Audio","޲z Windows {TCpGoӪAȰAT˸mήĪGNLk`B@CpGγoӪAȡANLkҰʩT̿হAȪA","Windows Audio","Normal","C:\Windows\System32\svchost.exe -k LocalServiceNetworkRestricted -p","1540","Own Process","Running","Auto","NT AUTHORITY\LocalService","Running","OK","DESKTOP-TC5H5CS"
﻿"autotimesvc","ʹqܳqTɶ","oAȷ|ھڦʺ NITZ Tӳ]wɶ","ʹqܳqTɶ","Normal","C:\Windows\system32\svchost.exe -k autoTimeSvc","0","Own Process","Stopped","Manual","NT AUTHORITY\LocalService","Stopped","OK","DESKTOP-TC5H5CS"
﻿"AxInstSV","ActiveX Installer (AxInstSV)","wqںw˪ ActiveX ѨϥΪ̱bᱱҡAHκ޲zھڸsխh]w ActiveX wˡCAȬOݭnɤ~ҰʡAӦpGήɡAActiveX w˪欰N|ھڹw]s]wC","ActiveX Installer (AxInstSV)","Normal","C:\Windows\system32\svchost.exe -k AxInstSVGroup","0","Share Process","Stopped","Manual","LocalSystem","Stopped","OK","DESKTOP-TC5H5CS"
﻿"BDESVC","BitLocker Drive Encryption Service","BDESVC ˸ BitLocker Ϻо[KAȡCBitLocker Ϻо[Kѧ@~tΪwҰʡAH OSBTwΩϺаϪϺаϥ[KCoӪAȤ\ BitLocker ܨϥΪ̶iP䱾ϺаϬUذʧ@AӥB|۰ʸѰwϺаϡAäݭnϥΪ̤ʡC~Aٷ|N״_Txs Active Directory (pGi)AӥBnɥiTwϥΪO̷s״_ҡCΰγoӪAȡA|ϥΪ̵LkQγoӥ\C","BitLocker Drive Encryption Service","Normal","C:\Windows\System32\svchost.exe -k netsvcs -p","0","Share Process","Stopped","Manual","localSystem","Stopped","OK","DESKTOP-TC5H5CS"
﻿"BFE","Base Filtering Engine","¦z (BFE) O޲zP IP w (IPsec) hAðϥΪ̼Ҧz諸AȡCΰ BFE AȱNۭCtΪwʡCPɤ]ɭP IPsec ޲zPε{N~欰C","Base Filtering Engine","Normal","C:\Windows\system32\svchost.exe -k LocalServiceNoNetworkFirewall -p","2108","Share Process","Running","Auto","NT AUTHORITY\LocalService","Running","OK","DESKTOP-TC5H5CS"
﻿"BITS","Background Intelligent Transfer Service","ϥζmWebIǿɮסCpGΦAȡAҦ̦s BITS ε{ (ҦpAWindows Update  MSN Explorer) NLk۰ʤU{ΨLTC","Background Intelligent Transfer Service","Normal","C:\Windows\System32\svchost.exe -k netsvcs -p","0","Share Process","Stopped","Manual","LocalSystem","Stopped","OK","DESKTOP-TC5H5CS"
﻿"BrokerInfrastructure","Background Tasks Infrastructure Service","ǭIu@ibtΤW檺 Windows ¦cAȡC","Background Tasks Infrastructure Service","Normal","C:\Windows\system32\svchost.exe -k DcomLaunch -p","808","Share Process","Running","Auto","LocalSystem","Running","OK","DESKTOP-TC5H5CS"
﻿"BTAGService","ŤThDA","䴩ŤKť]wɤThD⪺AȡC","ŤThDA","Normal","C:\Windows\system32\svchost.exe -k LocalServiceNetworkRestricted","0","Share Process","Stopped","Manual","NT AUTHORITY\LocalService","Stopped","OK","DESKTOP-TC5H5CS"
﻿"BthAvctpSvc","AVCTP A","oOT/TǿqTwA","AVCTP A","Normal","C:\Windows\system32\svchost.exe -k LocalService -p","0","Share Process","Stopped","Manual","NT AUTHORITY\LocalService","Stopped","OK","DESKTOP-TC5H5CS"
﻿"bthserv","Ť䴩A","ŤAȤ䴩Ť˸mPpCΰΦAȥi|ɭPww˪Ť˸mLkTB@AóytεLkps˸mC","Ť䴩A","Normal","C:\Windows\system32\svchost.exe -k LocalService -p","0","Share Process","Stopped","Manual","NT AUTHORITY\LocalService","Stopped","OK","DESKTOP-TC5H5CS"
﻿"camsvc","\s޲zA","ѥΩ޲z UWP ε{ε{\sv]IAHΥΩˬdε{Swε{\sv]I","\s޲zA","Normal","C:\Windows\system32\svchost.exe -k appmodel -p","86960","Share Process","Running","Manual","LocalSystem","Running","OK","DESKTOP-TC5H5CS"
﻿"CDPSvc","wsu˸mxA","AȬOΩusu˸mxvר","wsu˸mxA","Normal","C:\Windows\system32\svchost.exe -k LocalService -p","4688","Share Process","Running","Auto","NT AUTHORITY\LocalService","Running","OK","DESKTOP-TC5H5CS"
﻿"CertPropSvc","Certificate Propagation","qzdNϥΪ̾ҩMھҽƻsثeϥΪ̪ҦsϡAzdJzdŪdɶi氻A(Yݭn) æw˴zdHYΰgAXʵ{C","Certificate Propagation","Normal","C:\Windows\system32\svchost.exe -k netsvcs","2592","Share Process","Running","Manual","LocalSystem","Running","OK","DESKTOP-TC5H5CS"
﻿"ClipSVC","Client License Service (ClipSVC)","ѡuMicrosoft Storev¦c䴩CAȷ|ݭnҰʡAӥBYΦAȡAϥΡuWindows StorevʶRε{NLk`B@C","Client License Service (ClipSVC)","Normal","C:\Windows\System32\svchost.exe -k wsappx -p","0","Share Process","Stopped","Manual","LocalSystem","Stopped","OK","DESKTOP-TC5H5CS"
﻿"cloudidsvc","Microsoft ݨѧOA","䴩P Microsoft ݨѧOAȪXC YΡANLkTajMίΤ᭭C","Microsoft ݨѧOA","Normal","C:\Windows\system32\svchost.exe -k CloudIdServiceGroup -p","0","Own Process","Stopped","Manual","NT AUTHORITY\NetworkService","Stopped","OK","DESKTOP-TC5H5CS"
﻿"COMSysApp","COM+ System Application","޲z COM+ 󪺳]wΰlܡCpGAȡAj COM+ NLkAB@CpGAȳQΡAȚsAȱNLkҰʡC","COM+ System Application","Normal","C:\Windows\system32\dllhost.exe /Processid:{02D4B3F1-FD88-11D1-960D-00805FC79235}","3564","Own Process","Running","Manual","LocalSystem","Running","OK","DESKTOP-TC5H5CS"
﻿"CoreMessagingRegistrar","CoreMessaging","Manages communication between system components.","CoreMessaging","Normal","C:\Windows\system32\svchost.exe -k LocalServiceNoNetwork -p","2740","Share Process","Running","Auto","NT AUTHORITY\LocalService","Running","OK","DESKTOP-TC5H5CS"
﻿"CryptSvc","Cryptographic Services","ѤTغ޲zA: ؿƮwA - T{  Windows ɮתñä\w˷s{; O@ڥؿA - qoqsWβHھұv; HΦ۰ʮھҧsA - q Windows Update ھҨñҥήרҡAҦp SSLCpGAȡAoǺ޲zAȱNLk`B@CpGΦAȡATݭnAȱNLkҰʡC","Cryptographic Services","Normal","C:\Windows\system32\svchost.exe -k NetworkService -p","2732","Share Process","Running","Auto","NT Authority\NetworkService","Running","OK","DESKTOP-TC5H5CS"
﻿"CscService","Offline Files","uɮתAȯbuɮק֨W@ʡB^ϥΪ̵nJMnXƥB@ API AHαNƥoeuɮ׬ʤΧ֨AܧP쪺ϥΪ̡C","Offline Files","Normal","C:\Windows\System32\svchost.exe -k LocalSystemNetworkRestricted -p","0","Share Process","Stopped","Manual","LocalSystem","Stopped","OK","DESKTOP-TC5H5CS"
﻿"DcomLaunch","DCOM Server Process Launcher","DCOMLAUNCH Aȷ|Ұ COM P DCOM AAH^ҥέnDCpGΰΦAȡAϥ COM  DCOM {NLk`B@CjPĳz DCOMLAUNCH AȡC","DCOM Server Process Launcher","Normal","C:\Windows\system32\svchost.exe -k DcomLaunch -p","808","Share Process","Running","Auto","LocalSystem","Running","OK","DESKTOP-TC5H5CS"
﻿"dcsvc","dcsvc","Declared Configuration(DC) service","dcsvc","Normal","C:\Windows\system32\svchost.exe -k netsvcs -p","0","Own Process","Stopped","Manual","LocalSystem","Stopped","OK","DESKTOP-TC5H5CS"
﻿"defragsvc","Optimize drives","įΤƦsϺоWɮסAHUqĲvC","Optimize drives","Normal","C:\Windows\system32\svchost.exe -k defragsvc","0","Own Process","Stopped","Manual","localSystem","Stopped","OK","DESKTOP-TC5H5CS"
﻿"DeviceAssociationService","Device Association Service","ҥΨtλPuεLu˸mtC","Device Association Service","Normal","C:\Windows\system32\svchost.exe -k LocalSystemNetworkRestricted -p","0","Share Process","Stopped","Manual","LocalSystem","Stopped","OK","DESKTOP-TC5H5CS"
﻿"DeviceInstall","Device Install Service","ҥιqHϥΪ̨SΫܤ֪JѧOξAwܧAΰγoӪAȱNɭPtΤíwC","Device Install Service","Normal","C:\Windows\system32\svchost.exe -k DcomLaunch -p","0","Share Process","Stopped","Manual","LocalSystem","Stopped","OK","DESKTOP-TC5H5CS"
﻿"DevQueryBroker","DevQuery Background Discovery Broker","ε{iHϥέIu@ӱ˸m","DevQuery Background Discovery Broker","Normal","C:\Windows\system32\svchost.exe -k LocalSystemNetworkRestricted -p","0","Share Process","Stopped","Manual","LocalSystem","Stopped","OK","DESKTOP-TC5H5CS"
﻿"Dhcp","DHCP Client","oӹqnΧs IP }M DNS OCpGoӪAȳQAoӹqN|ʺA IP }M DNS sCpGoӪAȳQΡAȚs󥦪AȱNLkҰʡC","DHCP Client","Normal","C:\Windows\system32\svchost.exe -k LocalServiceNetworkRestricted -p","1664","Share Process","Running","Auto","NT Authority\LocalService","Running","OK","DESKTOP-TC5H5CS"
﻿"diagnosticshub.standardcollector.service","Microsoft (R) E_uзǦA","E_uзǦAȡCAȰɡA|Y ETW ƥå[HBzC","Microsoft (R) E_uзǦA","Normal","C:\Windows\system32\DiagSvcs\DiagnosticsHub.StandardCollector.Service.exe","0","Own Process","Stopped","Manual","LocalSystem","Stopped","OK","DESKTOP-TC5H5CS"
﻿"diagsvc","Diagnostic Execution Service","Executes diagnostic actions for troubleshooting support","Diagnostic Execution Service","Normal","C:\Windows\System32\svchost.exe -k diagnostics","0","Share Process","Stopped","Manual","LocalSystem","Stopped","OK","DESKTOP-TC5H5CS"
﻿"DiagTrack","Connected User Experiences and Telemetry","Connected User Experiences and Telemetry AȥiҥΤ䴩ε{PwsuϥΪ窺\C~AAȥi޲zE_PϥΪpT (Ωi Windows xP~) ƥɦVPǿ ( [NPE_] UE_PϥΪppvﶵ]wwҥή)C","Connected User Experiences and Telemetry","Normal","C:\Windows\System32\svchost.exe -k utcsvc -p","2792","Own Process","Running","Auto","LocalSystem","Running","OK","DESKTOP-TC5H5CS"
﻿"DialogBlockingService","DialogBlockingService","ܤA","DialogBlockingService","Normal","C:\Windows\system32\svchost.exe -k DialogBlockingService","0","Share Process","Stopped","Disabled","LocalSystem","Stopped","OK","DESKTOP-TC5H5CS"
﻿"DispBrokerDesktopSvc","ܭhA","޲zMܪsuP]w","ܭhA","Normal","C:\Windows\system32\svchost.exe -k LocalService -p","3716","Share Process","Running","Auto","NT AUTHORITY\LocalService","Running","OK","DESKTOP-TC5H5CS"
﻿"DisplayEnhancementService","ܼWjA","Ω޲zܼWjҦpGױAȡC","ܼWjA","Normal","C:\Windows\system32\svchost.exe -k LocalSystemNetworkRestricted -p","0","Share Process","Stopped","Manual","LocalSystem","Stopped","OK","DESKTOP-TC5H5CS"
﻿"DmEnrollmentSvc","˸m޲zUA","˸m޲z˸mU","˸m޲zUA","Normal","C:\Windows\system32\svchost.exe -k netsvcs -p","0","Own Process","Stopped","Manual","LocalSystem","Stopped","OK","DESKTOP-TC5H5CS"
﻿"dmwappushservice","˸m޲zLuγqTw (WAP) TѪA","Ѹ˸mLuγqTw (WAP) TAæPBBz˸m޲zu@q","˸m޲zLuγqTw (WAP) TѪA","Normal","C:\Windows\system32\svchost.exe -k netsvcs -p","0","Share Process","Stopped","Manual","LocalSystem","Stopped","OK","DESKTOP-TC5H5CS"
﻿"Dnscache","DNS Client","DNS ΤݪA (dnscache) |q֨W٨t (DNS) W٨õn㪺qW١CpGoӪAȳQAN|~ѪR DNS W١CMӡAN|֨ DNS W٬dߪGAӥB|nqW١CpGoӪAȤwΡAҦ̦s󥦪AȳNLkҰʡC","DNS Client","Normal","C:\Windows\system32\svchost.exe -k NetworkService -p","1648","Share Process","Running","Auto","NT AUTHORITY\NetworkService","Running","OK","DESKTOP-TC5H5CS"
﻿"DoSvc","Delivery Optimization","椺eą̊́ΤƤu@","Delivery Optimization","Normal","C:\Windows\System32\svchost.exe -k NetworkService -p","4972","Share Process","Running","Auto","NT Authority\NetworkService","Running","OK","DESKTOP-TC5H5CS"
﻿"dot3svc","Wired AutoConfig","u۰ʳ]w (DOT3SVC) AȭtdbAӺW IEEE 802.1X ҡCpGثeupj 802.1X ҡAhӳ]w DOT3SVC AȥHإ߲ĤGhsu/δѺ귽sCj 802.1X Ҫuh DOT3SVC AȼvTC","Wired AutoConfig","Normal","C:\Windows\system32\svchost.exe -k LocalSystemNetworkRestricted -p","0","Share Process","Stopped","Manual","localSystem","Stopped","OK","DESKTOP-TC5H5CS"
﻿"DPS","Diagnostic Policy Service","E_hAȯ Windows 󪺰DBiƸѩMѸѨMסCpGAȡAKLkAiE_C","Diagnostic Policy Service","Normal","C:\Windows\System32\svchost.exe -k LocalServiceNoNetwork -p","2776","Share Process","Running","Auto","NT AUTHORITY\LocalService","Running","OK","DESKTOP-TC5H5CS"
﻿"DsmSvc","Device Setup Manager","ҥθ˸mn骺BUΦwˡCpGΦAȡA˸mi|HLn]wABiLk`B@C","Device Setup Manager","Normal","C:\Windows\system32\svchost.exe -k netsvcs -p","0","Share Process","Stopped","Manual","LocalSystem","Stopped","OK","DESKTOP-TC5H5CS"
﻿"DsSvc","Data Sharing Service","ε{ƥNzC","Data Sharing Service","Ignore","C:\Windows\System32\svchost.exe -k LocalSystemNetworkRestricted -p","2140","Share Process","Running","Manual","LocalSystem","Running","OK","DESKTOP-TC5H5CS"
﻿"DusmSvc","ƾڨϥζq","ƾڨϥζqBƶǿqWBIƶǿBpqIOC","ƾڨϥζq","Normal","C:\Windows\System32\svchost.exe -k LocalServiceNetworkRestricted -p","1608","Own Process","Running","Auto","NT Authority\LocalService","Running","OK","DESKTOP-TC5H5CS"
﻿"Eaphost","Extensible Authentication Protocol","iҳqTw (EAP) AȴѨҦp 802.1x uεLuBVPN HκsO@ (NAP) ҤҡC EAP bҵ{ǴA]ѺsΤ (]ALu VPN Τ) ϥΪε{}o (API)CpGzΦAȡAqNLksݭn EAP ҪC","Extensible Authentication Protocol","Normal","C:\Windows\System32\svchost.exe -k netsvcs -p","0","Share Process","Stopped","Manual","localSystem","Stopped","OK","DESKTOP-TC5H5CS"
﻿"edgeupdate","Microsoft Edge Update Service (edgeupdate)","Nz Microsoft nO̷sACpGAȤwΩΰAz Microsoft nN|O̷sAANioͪwʰDiLkץAB\iLkB@CS Microsoft nϥήɡAAȷ|ۦѰwˡC","Microsoft Edge Update Service (edgeupdate)","Normal",""C:\Program Files (x86)\Microsoft\EdgeUpdate\MicrosoftEdgeUpdate.exe" /svc","0","Own Process","Stopped","Auto","LocalSystem","Stopped","OK","DESKTOP-TC5H5CS"
﻿"edgeupdatem","Microsoft Edge Update Service (edgeupdatem)","Nz Microsoft nO̷sACpGAȤwΩΰAz Microsoft nN|O̷sAANioͪwʰDiLkץAB\iLkB@CS Microsoft nϥήɡAAȷ|ۦѰwˡC","Microsoft Edge Update Service (edgeupdatem)","Normal",""C:\Program Files (x86)\Microsoft\EdgeUpdate\MicrosoftEdgeUpdate.exe" /medsvc","0","Own Process","Stopped","Manual","LocalSystem","Stopped","OK","DESKTOP-TC5H5CS"
﻿"EFS","Encrypting File System (EFS)","Ѯ֤ɮץ[K޳NAiHb NTFS ɮרtκϺаϤWxs[KɮסCpGAȰΰΡAε{NLks[KɮסC","Encrypting File System (EFS)","Normal","C:\Windows\System32\lsass.exe","0","Share Process","Stopped","Manual","LocalSystem","Stopped","OK","DESKTOP-TC5H5CS"
﻿"embeddedmode","OҦ","uOҦvAȥiҥλPuIε{vרҡCΦAȱNuIε{vҰʡC","OҦ","Normal","C:\Windows\System32\svchost.exe -k LocalSystemNetworkRestricted -p","0","Share Process","Stopped","Manual","LocalSystem","Stopped","OK","DESKTOP-TC5H5CS"
﻿"EntAppSvc","Enterprise App Management Service","ҥΥ~ε{޲zC","Enterprise App Management Service","Normal","C:\Windows\system32\svchost.exe -k appmodel -p","0","Share Process","Stopped","Manual","LocalSystem","Stopped","OK","DESKTOP-TC5H5CS"
﻿"EventLog","Windows Event Log","oӪAȺ޲zƥPƥOɡC䴩OƥBdߨƥBq\ƥBʦsƥOɡAHκ޲zƥ~ơCiHϥ XML P¤r榡ܨƥCoӪAȥiM`tΪwʻPiaʡC","Windows Event Log","Normal","C:\Windows\System32\svchost.exe -k LocalServiceNetworkRestricted -p","1120","Share Process","Running","Auto","NT AUTHORITY\LocalService","Running","OK","DESKTOP-TC5H5CS"
﻿"EventSystem","COM+ Event System","䴩utΨƥqA (SENS)vAiƥ۰ʤq\ COM CpGAȳQASENS |AõLkѵnJεnXqCpGAȳQΡA̦sAȳLkҰʡC","COM+ Event System","Normal","C:\Windows\system32\svchost.exe -k LocalService -p","1296","Share Process","Running","Auto","NT AUTHORITY\LocalService","Running","OK","DESKTOP-TC5H5CS"
﻿"Fax","Fax","izǰeñǯuAbqκWϥζǯu귽C","Fax","Normal","C:\Windows\system32\fxssvc.exe","0","Own Process","Stopped","Manual","NT AUTHORITY\NetworkService","Stopped","OK","DESKTOP-TC5H5CS"
﻿"fdPHost","Function Discovery Provider Host","FDPHOST Aȸ˸\౴ (FD) Ѫ̡Co FD Ѫ̴ Simple Services Discovery Protocol (SSDP) M Web Services V Discovery (WS-D) qTwAȡCYΰ FDPHOST AȡAhbϥ FD ɡANγoǳqTwCLkϥΦAȮɡAQ FD HΨ̿oǱqTwAȱN䤣˸mθ귽C","Function Discovery Provider Host","Normal","C:\Windows\system32\svchost.exe -k LocalService -p","0","Share Process","Stopped","Manual","NT AUTHORITY\LocalService","Stopped","OK","DESKTOP-TC5H5CS"
﻿"FDResPub","Function Discovery Resource Publication","oGoxqMsܳoxq귽AzKibW쥦̡CpGAȰAKAoG귽AWLqNLk쥦̡C","Function Discovery Resource Publication","Normal","C:\Windows\system32\svchost.exe -k LocalServiceAndNoImpersonation -p","0","Share Process","Stopped","Manual","NT AUTHORITY\LocalService","Stopped","OK","DESKTOP-TC5H5CS"
﻿"fhsvc","File History Service","NϥΪɮ׽ƻsƥmAHV","File History Service","Normal","C:\Windows\system32\svchost.exe -k LocalSystemNetworkRestricted -p","0","Share Process","Stopped","Manual","LocalSystem","Stopped","OK","DESKTOP-TC5H5CS"
﻿"FontCache","Windows Font Cache Service","zL֨`ΪrơAziH̨Τε{įCpGoӪAȩ|Aε{K|ҰʸӪAȡCz]iHΦAȡALo˰|Cε{įC","Windows Font Cache Service","Normal","C:\Windows\system32\svchost.exe -k LocalService -p","1472","Share Process","Running","Auto","NT AUTHORITY\LocalService","Running","OK","DESKTOP-TC5H5CS"
﻿"FrameServer","Windows Camera Frame Server","hӥΤݦsӦ۬۾˸mTج[C","Windows Camera Frame Server","Normal","C:\Windows\System32\svchost.exe -k Camera","0","Share Process","Stopped","Manual","LocalSystem","Stopped","OK","DESKTOP-TC5H5CS"
﻿"gpsvc","Group Policy Client","AȭtdzL [sխh] ANtκ޲zҳ]w]wȮMΦbqΨϥΪ̡CpGӪAȰΡAN|Mγoǳ]wȡAӥB]LkzL [sխh] Ӻ޲zε{ΤCpGӪAȰΡAݥ [sխh] 󪺥󤸥ε{i|LkB@C","Group Policy Client","Normal","C:\Windows\system32\svchost.exe -k netsvcs -p","97888","Share Process","Running","Auto","LocalSystem","Running","OK","DESKTOP-TC5H5CS"
﻿"GraphicsPerfSvc","GraphicsPerfSvc","Graphics performance monitor service","GraphicsPerfSvc","Ignore","C:\Windows\System32\svchost.exe -k GraphicsPerfSvcGroup","0","Share Process","Stopped","Manual","LocalSystem","Stopped","OK","DESKTOP-TC5H5CS"
﻿"hidserv","Human Interface Device Service","ҥΨú@LBPLhC˸mW`ΫsϥΡCĳzoӪA~C","Human Interface Device Service","Normal","C:\Windows\system32\svchost.exe -k LocalSystemNetworkRestricted -p","0","Share Process","Stopped","Manual","LocalSystem","Stopped","OK","DESKTOP-TC5H5CS"
﻿"HvHost","HV DA"," Hyper-V Hypervisor Ѥ@ӤAHѥD@~tΪӧOήįpƾC","HV DA","Normal","C:\Windows\system32\svchost.exe -k LocalSystemNetworkRestricted -p","0","Share Process","Stopped","Manual","LocalSystem","Stopped","OK","DESKTOP-TC5H5CS"
﻿"icssvc","Windows ʼIA","ѻPL˸m@ΦʼƾڳsuOC","Windows ʼIA","Normal","C:\Windows\system32\svchost.exe -k LocalServiceNetworkRestricted -p","0","Share Process","Stopped","Manual","NT Authority\LocalService","Stopped","OK","DESKTOP-TC5H5CS"
﻿"IKEEXT","IKE and AuthIP IPsec Keying Modules","IKEEXT AȥD Internet Keying Exchange (IKE)  Authenticated Internet Protocol (AuthIP) _BzҲաCoǪ_BzҲլOΨӦbںqTww (IPsec) iҤΪ_洫Cΰ IKEEXT AȱN|λPP`Iq IKE M AuthIP _洫CIPsec q`|]wϥ IKE  AuthIPA]pGΰ IKEEXT AȡAN|ɭP IPsec ѡAæM`tΪwʡCjPĳz IKEEXT AȡC","IKE and AuthIP IPsec Keying Modules","Normal","C:\Windows\system32\svchost.exe -k netsvcs -p","2560","Share Process","Running","Auto","LocalSystem","Running","OK","DESKTOP-TC5H5CS"
﻿"InstallService","Microsoft Store w˪A"," Microsoft Store ¦c䴩CAȷ|ݭnҰʡApGΦAȡAw˱NLk`B@C","Microsoft Store w˪A","Ignore","C:\Windows\System32\svchost.exe -k netsvcs -p","5116","Own Process","Running","Manual","LocalSystem","Running","OK","DESKTOP-TC5H5CS"
﻿"iphlpsvc","IP Helper","ϥ IPv6 ഫ޳N (6to4BISATAPBs Proxy P Teredo) P IP-HTTPS ѳqDsuOCpGAȡAqN㦳oǧ޳NҴѪWjsuOįqC","IP Helper","Normal","C:\Windows\System32\svchost.exe -k NetSvcs -p","3020","Share Process","Running","Auto","LocalSystem","Running","OK","DESKTOP-TC5H5CS"
﻿"IpxlatCfgSvc","IP Ķ]wA","]wαҥαq v4  v6 Ķ (ϤM)","IP Ķ]wA","Normal","C:\Windows\System32\svchost.exe -k LocalSystemNetworkRestricted -p","0","Share Process","Stopped","Manual","LocalSystem","Stopped","OK","DESKTOP-TC5H5CS"
﻿"KeyIso","CNG Key Isolation","CNG _jAȸ˸ LSA Bz{ǡCӪAȥi̾ڤ@ӹjpK_Mp[KsĶާ@_Bz{ǡCӪAȷ|HŦX@󪺦wBz{ǨxsMϥΪĪ_C","CNG Key Isolation","Normal","C:\Windows\system32\lsass.exe","672","Share Process","Running","Manual","LocalSystem","Running","OK","DESKTOP-TC5H5CS"
﻿"KtmRm","KtmRm for Distributed Transaction Coordinator","դվ (MSDTC) P֤ߥ޲z (KTM) CpGݭno˰AĳzAȺbACpGݭno˰AMSDTC P KTM |۰ʱҰʦAȡCpGΦAȡAP֤߸귽޲zʪ MSDTC |ѡABȚs󦹪AȪAȱNLkҰʡC","KtmRm for Distributed Transaction Coordinator","Normal","C:\Windows\System32\svchost.exe -k NetworkServiceAndNoImpersonation -p","0","Share Process","Stopped","Manual","NT AUTHORITY\NetworkService","Stopped","OK","DESKTOP-TC5H5CS"
﻿"LanmanServer","Server","oӹq䴩WɮסBCLBMRW޽u@ΡCpGAȡANLkϥγoǥ\CpGoӪAȳQΡAȚs󥦪AȱNLkҰʡC","Server","Normal","C:\Windows\system32\svchost.exe -k netsvcs -p","3176","Share Process","Running","Auto","LocalSystem","Running","OK","DESKTOP-TC5H5CS"
﻿"LanmanWorkstation","Workstation","إߤκ@ϥ SMB qTwi檺ΤݻPݦAsuCpGoӪAȡANLkϥγoǳsuCpGγoӪAȡAh|ҦȚsAȡC","Workstation","Normal","C:\Windows\System32\svchost.exe -k NetworkService -p","2164","Share Process","Running","Auto","NT AUTHORITY\NetworkService","Running","OK","DESKTOP-TC5H5CS"
﻿"lfsvc","Geolocation Service","Aȷ|ʵثetΦmú޲zaz] (㦳pƥ󪺦azm)CYAȡAε{NLkϥΩαazmΦaz]檺qC","Geolocation Service","Normal","C:\Windows\system32\svchost.exe -k netsvcs -p","3312","Share Process","Running","Manual","LocalSystem","Running","OK","DESKTOP-TC5H5CS"
﻿"LicenseManager","Windows v޲zA"," Microsoft Store ¦c䴩CAȷ|ݭnҰʡApGΦAȡAq Microsoft Store oeNLk`B@C","Windows v޲zA","Ignore","C:\Windows\System32\svchost.exe -k LocalService -p","4112","Share Process","Running","Manual","NT Authority\LocalService","Running","OK","DESKTOP-TC5H5CS"
﻿"lltdsvc","Link-Layer Topology Discovery Mapper","إߺϡA䤤]tqθ˸mݼ (suO) THδyzCxqθ˸m~ơCpGoӪAȤwΡAϱNLk`B@C","Link-Layer Topology Discovery Mapper","Normal","C:\Windows\System32\svchost.exe -k LocalService -p","0","Share Process","Stopped","Manual","NT AUTHORITY\LocalService","Stopped","OK","DESKTOP-TC5H5CS"
﻿"lmhosts","TCP/IP NetBIOS Helper","ѹ NetBIOS over TCP/IP HκWΤ NetBIOS WٸѪR䴩A]ϥΪ̥iH@ɮסBCLHεnJCpGoӪAȳQAiLkϥγoǥ\CpGoӪAȳQΡAȚs󥦪AȱNLkҰʡC","TCP/IP NetBIOS Helper","Normal","C:\Windows\System32\svchost.exe -k LocalServiceNetworkRestricted -p","956","Share Process","Running","Manual","NT AUTHORITY\LocalService","Running","OK","DESKTOP-TC5H5CS"
﻿"LSM","Local Session Manager","Ω޲zϥΪ̤u@q֤ Windows AȡCΰΦAȱN|ɭPtΤíwC","Local Session Manager","Normal","C:\Windows\system32\svchost.exe -k DcomLaunch -p","988","Share Process","Running","Auto","LocalSystem","Running","OK","DESKTOP-TC5H5CS"
﻿"LxpSvc","yA","ѳpγ]wayt Windows 귽¦c䴩CoAȷ|bXnDɱҰʡAYγoAȡAWindows yN|pܨtΡA Windows ]iLk`B@C","yA","Ignore","C:\Windows\system32\svchost.exe -k netsvcs","0","Share Process","Stopped","Manual","LocalSystem","Stopped","OK","DESKTOP-TC5H5CS"
﻿"MapsBroker","Downloaded Maps Manager","iε{swUaϪ Windows AȡCε{OѭnswUaϪε{ݭnҰʡCΦAȱNϱoε{LksaϡC","Downloaded Maps Manager","Normal","C:\Windows\System32\svchost.exe -k NetworkService -p","0","Own Process","Stopped","Auto","NT AUTHORITY\NetworkService","Stopped","OK","DESKTOP-TC5H5CS"
﻿"McpManagementService","McpManagementService"," ","McpManagementService","Normal","C:\Windows\system32\svchost.exe -k McpManagementServiceGroup","0","Own Process","Stopped","Manual","LocalSystem","Stopped","OK","DESKTOP-TC5H5CS"
﻿"MicrosoftEdgeElevationService","Microsoft Edge Elevation Service (MicrosoftEdgeElevationService)","Keeps Microsoft Edge up to update. If this service is disabled, the application will not be kept up to date.","Microsoft Edge Elevation Service (MicrosoftEdgeElevationService)","Normal",""C:\Program Files (x86)\Microsoft\Edge\Application\115.0.1901.200\elevation_service.exe"","0","Own Process","Stopped","Manual","LocalSystem","Stopped","OK","DESKTOP-TC5H5CS"
﻿"MixedRealityOpenXRSvc","Windows Mixed Reality OpenXR Service","Enables Mixed Reality OpenXR runtime functionality","Windows Mixed Reality OpenXR Service","Normal","C:\Windows\system32\svchost.exe -k LocalSystemNetworkRestricted -p","0","Share Process","Stopped","Manual","LocalSystem","Stopped","OK","DESKTOP-TC5H5CS"
﻿"mpssvc","Windows Defender Firewall","Windows Defender gѪvϥΪ̳zLںκozqsӫO@zqC","Windows Defender Firewall","Normal","C:\Windows\system32\svchost.exe -k LocalServiceNoNetworkFirewall -p","2108","Share Process","Running","Auto","NT Authority\LocalService","Running","OK","DESKTOP-TC5H5CS"
﻿"MSDTC","Distributed Transaction Coordinator","ոVhӸ귽޲zApƮwBTCɮרtΡCpGAȳQAoǥN|ѡCpGoӪAȤwΡAҦ̦s󥦪AȳNLkҰʡC","Distributed Transaction Coordinator","Normal","C:\Windows\System32\msdtc.exe","4180","Own Process","Running","Manual","NT AUTHORITY\NetworkService","Running","OK","DESKTOP-TC5H5CS"
﻿"MSiSCSI","Microsoft iSCSI Initiator Service","޲zqoqsuܻ iSCSI ؼи˸m Internet SCSI (iSCSI) u@qCpGAȰAoqNLknJΦs iSCSI ؼСCpGAȰΡAҦȚs󥦪AȳNLkҰʡC","Microsoft iSCSI Initiator Service","Normal","C:\Windows\system32\svchost.exe -k netsvcs -p","0","Share Process","Stopped","Manual","LocalSystem","Stopped","OK","DESKTOP-TC5H5CS"
﻿"msiserver","Windows Installer","sWBקβH Windows Installer (*.msiB*.msp) MΦѪε{CpGΦAȡAҦȚs󥦪AȳNLkҰʡC","Windows Installer","Normal","C:\Windows\system32\msiexec.exe /V","0","Own Process","Stopped","Manual","LocalSystem","Stopped","OK","DESKTOP-TC5H5CS"
﻿"MsKeyboardFilter","Microsoft Keyboard Filter","JzP","Microsoft Keyboard Filter","Normal","C:\Windows\system32\svchost.exe -k netsvcs -p","0","Share Process","Stopped","Disabled","LocalSystem","Stopped","OK","DESKTOP-TC5H5CS"
﻿"NaturalAuthentication","۵M","TJ`uAȡAiھڮɶBBazmBŤ cdf nӵTC䴩\঳˸mѰwBʺAw Dynamo MDM h","۵M","Normal","C:\Windows\system32\svchost.exe -k netsvcs -p","0","Share Process","Stopped","Manual","LocalSystem","Stopped","OK","DESKTOP-TC5H5CS"
﻿"NcaSvc","Network Connectivity Assistant"," UI  DirectAccess Aq","Network Connectivity Assistant","Normal","C:\Windows\System32\svchost.exe -k NetSvcs -p","0","Share Process","Stopped","Manual","LocalSystem","Stopped","OK","DESKTOP-TC5H5CS"
﻿"NcbService","Network Connection Broker","i Windows ε{ںqNzHsuC","Network Connection Broker","Normal","C:\Windows\System32\svchost.exe -k LocalSystemNetworkRestricted -p","1064","Share Process","Running","Manual","LocalSystem","Running","OK","DESKTOP-TC5H5CS"
﻿"NcdAutoSetup","Network Connected Devices Auto-Setup","uwsu˸m۰ʳ]wvAȥiʵæwˤwsuŦX椧X˸mCΰΦAȷ|ϱo Windows Lk۰ʱæwˤwsuX˸mCϥΪ̤MiHʳzLϥΪ̤Nwsu˸msWqC","Network Connected Devices Auto-Setup","Normal","C:\Windows\System32\svchost.exe -k LocalServiceNoNetwork -p","0","Share Process","Stopped","Manual","NT AUTHORITY\LocalService","Stopped","OK","DESKTOP-TC5H5CS"
﻿"Netlogon","Netlogon","oӹqM챱ΩҨϥΪ̩MAȪwqDCpGoӪAȳQAqiLkҨϥΪ̩MAȡAB챱NLkn DNS OCpGoӪAȳQΡAȚs󥦪AȱNLkҰʡC","Netlogon","Normal","C:\Windows\system32\lsass.exe","0","Share Process","Stopped","Manual","LocalSystem","Stopped","OK","DESKTOP-TC5H5CS"
﻿"Netman","Network Connections","޲zbMsuƧAziHbƧ˵ϰMݳsuC","Network Connections","Normal","C:\Windows\System32\svchost.exe -k LocalSystemNetworkRestricted -p","0","Share Process","Stopped","Manual","LocalSystem","Stopped","OK","DESKTOP-TC5H5CS"
﻿"netprofm","Network List Service","ѧOqwsuBxsoǺeAæboǤeܧɳqε{C","Network List Service","Normal","C:\Windows\System32\svchost.exe -k LocalService -p","2056","Share Process","Running","Manual","NT AUTHORITY\LocalService","Running","OK","DESKTOP-TC5H5CS"
﻿"NetSetupSvc","Network Setup Service","u]wAȡv޲zXʵ{wˡAåi\]wChź]wCpGAȡAi|i椤Xʵ{w˧@~C","Network Setup Service","Normal","C:\Windows\System32\svchost.exe -k netsvcs -p","0","Share Process","Stopped","Manual","LocalSystem","Stopped","OK","DESKTOP-TC5H5CS"
﻿"NetTcpPortSharing","Net.Tcp Port Sharing Service","Ѧb net.tcp qTwW@ TCP s𪺯OC","Net.Tcp Port Sharing Service","Normal","C:\Windows\Microsoft.NET\Framework64\v4.0.30319\SMSvcHost.exe","0","Share Process","Stopped","Disabled","NT AUTHORITY\LocalService","Stopped","OK","DESKTOP-TC5H5CS"
﻿"NgcCtnrSvc","Microsoft Passport Container","޲zϥΪ̥ΨӦVѧOѪҪϥΪ̨ѧO_AH TPM zdCpGΦAȡANLksϥΪ̨ѧO_P TPM zdCĳzns]wAȡC","Microsoft Passport Container","Normal","C:\Windows\system32\svchost.exe -k LocalServiceNetworkRestricted -p","0","Share Process","Stopped","Manual","NT AUTHORITY\LocalService","Stopped","OK","DESKTOP-TC5H5CS"
﻿"NgcSvc","Microsoft Passport","wΩҨϥΪpѧOѪ̪KXsĶ_ѳBz{ǹjCpGΦAȡANLkϥΤκ޲zoǪ_A]AqnJHε{P@nJCAȷ|۰ʱҰʤΰCĳzns]wAȡC","Microsoft Passport","Normal","C:\Windows\system32\svchost.exe -k LocalSystemNetworkRestricted -p","0","Share Process","Stopped","Manual","LocalSystem","Stopped","OK","DESKTOP-TC5H5CS"
﻿"NlaSvc","Network Location Awareness","xs]wTAåBbק惡TɡAq{CpGAȡA]wTNi|LkϥΡCpGΦAȡAhT̿०AȱN|LkҰʡC","Network Location Awareness","Normal","C:\Windows\System32\svchost.exe -k NetworkService -p","1748","Share Process","Running","Auto","NT AUTHORITY\NetworkService","Running","OK","DESKTOP-TC5H5CS"
﻿"nsi","Network Store Interface Service","AȥiNq (ҦpsW/R) ǻϥΪ̼ҦΤݡCAȱNysu_CpGoӪAȳQΡAȚs󥦪AȱNLkҰʡC","Network Store Interface Service","Normal","C:\Windows\system32\svchost.exe -k LocalService -p","1616","Share Process","Running","Auto","NT Authority\LocalService","Running","OK","DESKTOP-TC5H5CS"
﻿"p2pimsvc","Peer Networking Identity Manager","ѹﵥWٸѪRqTw (PNRP) PﵥsժAȪѧOAȡCpGΡAﵥWٸѪRqTw (PNRP) PﵥsժAȡAiLkB@AӥBYε{ (Ҧpaθs PݨU) iLk`B@C","Peer Networking Identity Manager","Normal","C:\Windows\System32\svchost.exe -k LocalServicePeerNet","0","Share Process","Stopped","Manual","NT AUTHORITY\LocalService","Stopped","OK","DESKTOP-TC5H5CS"
﻿"p2psvc","Peer Networking Grouping","ϥιﵥsձҥΦhqTCpGΡAYε{ (Ҧpaθs) iLk`B@C","Peer Networking Grouping","Normal","C:\Windows\System32\svchost.exe -k LocalServicePeerNet","0","Share Process","Stopped","Manual","NT AUTHORITY\LocalService","Stopped","OK","DESKTOP-TC5H5CS"
﻿"PcaSvc","Program Compatibility Assistant Service","Aȥi{ۮeʧUz (PCA) Ѥ䴩CPCA iʵϥΪ̦w˩M檺{AðwۮeʰDCpGAȡAPCA KLk`B@C","Program Compatibility Assistant Service","Normal","C:\Windows\system32\svchost.exe -k LocalSystemNetworkRestricted -p","1304","Share Process","Running","Manual","LocalSystem","Running","OK","DESKTOP-TC5H5CS"
﻿"PeerDistSvc","BranchCache","Aȷ|qϰlWP`I֨eC","BranchCache","Normal","C:\Windows\System32\svchost.exe -k PeerDist","0","Share Process","Stopped","Manual","NT AUTHORITY\NetworkService","Stopped","OK","DESKTOP-TC5H5CS"
﻿"perceptionsimulation","Windows PA","ѪŶPB۾޲zMŶJ\C","Windows PA","Normal","C:\Windows\system32\PerceptionSimulation\PerceptionSimulationService.exe","0","Own Process","Stopped","Manual","LocalSystem","Stopped","OK","DESKTOP-TC5H5CS"
﻿"PerfHost","Performance Counter DLL Host","\ݨϥΪ̩M 64 줸Bz{Ǭd 32 줸 DLL ѪįpƾCpGoAȰAhuϥΪ̩M 32 줸Bz{ǥiHd 32 줸 DLL ѪįpƾC","Performance Counter DLL Host","Normal","C:\Windows\SysWow64\perfhost.exe","0","Own Process","Stopped","Manual","NT AUTHORITY\LocalService","Stopped","OK","DESKTOP-TC5H5CS"
﻿"PhoneSvc","Phone Service","޲z˸mWqܪA","Phone Service","Normal","C:\Windows\system32\svchost.exe -k LocalService -p","0","Share Process","Stopped","Manual","NT Authority\LocalService","Stopped","OK","DESKTOP-TC5H5CS"
﻿"pla","Performance Logs & Alerts","įOĵܷ|ھڹw]wƵ{ѼơAqλݹqįơAMgJƨOɩĲoĵܡCpGAȡAN|įTCpGoӪAȤwΡAҦ̦s󥦪AȳNLkҰʡC","Performance Logs & Alerts","Normal","C:\Windows\System32\svchost.exe -k LocalServiceNoNetwork -p","0","Share Process","Stopped","Manual","NT AUTHORITY\LocalService","Stopped","OK","DESKTOP-TC5H5CS"
﻿"PlugPlay","Plug and Play","ҥιqHϥΪ̨SΫܤ֪JѧOξAwܧAΰγoӪAȱNɭPtΤíwC","Plug and Play","Normal","C:\Windows\system32\svchost.exe -k DcomLaunch -p","808","Share Process","Running","Manual","LocalSystem","Running","OK","DESKTOP-TC5H5CS"
﻿"PNRPAutoReg","PNRP Machine Name Publication Service","AȬOϥιﵥWٸѪRqTwӵoGW١CózL netsh context 'p2p pnrp peer' Ӻ޲z]w ","PNRP Machine Name Publication Service","Normal","C:\Windows\System32\svchost.exe -k LocalServicePeerNet","0","Share Process","Stopped","Manual","NT AUTHORITY\LocalService","Stopped","OK","DESKTOP-TC5H5CS"
﻿"PNRPsvc","Peer Name Resolution Protocol","ϥιﵥWٸѪRqTw (PNRP) ҥγzLںLAﵥWٸѪRCpGΡAYǹﵥpPP@~ε{ (ҦpݨU) iLkB@C","Peer Name Resolution Protocol","Normal","C:\Windows\System32\svchost.exe -k LocalServicePeerNet","0","Share Process","Stopped","Manual","NT AUTHORITY\LocalService","Stopped","OK","DESKTOP-TC5H5CS"
﻿"PolicyAgent","IPsec Policy Agent","ںqTww (IPsec) 䴩hŪﵥҡBƨӷҡBƧʡBƾK ([K)AHέsO@CAȷ|jzL IP wʭhOJ޲z椸ΩROCu "netsh ipsec" إߪ IPsec hCpGzAȡAzhݭnϥ IPsec suɡAi|oͺsuDC~AAȰɤ]Lkϥ Windows Defender 𪺻ݺ޲zC","IPsec Policy Agent","Normal","C:\Windows\system32\svchost.exe -k NetworkServiceNetworkRestricted -p","2568","Share Process","Running","Manual","NT Authority\NetworkService","Running","OK","DESKTOP-TC5H5CS"
﻿"Power","Power","޲zqhPqhqǻC","Power","Normal","C:\Windows\system32\svchost.exe -k DcomLaunch -p","808","Share Process","Running","Auto","LocalSystem","Running","OK","DESKTOP-TC5H5CS"
﻿"PrintNotify","Printer Extensions and Notifications","Aȷ|}ҦۭqLܤAHγBzӦۻݦCLAΦLqCpGzAȡAhLkdݦLγqC","Printer Extensions and Notifications","Normal","C:\Windows\system32\svchost.exe -k print","0","Share Process","Stopped","Manual","LocalSystem","Stopped","OK","DESKTOP-TC5H5CS"
﻿"ProfSvc","User Profile Service","AȭtdJθѰJϥΪ̳]wɡCpGΰΦAȡAϥΪ̱NLkQnJεnXAε{i|boϥΪ̪ƮɵoͰDAΨӱ]wɨƥqwUNLkqC","User Profile Service","Normal","C:\Windows\system32\svchost.exe -k netsvcs -p","1264","Share Process","Running","Auto","LocalSystem","Running","OK","DESKTOP-TC5H5CS"
﻿"PushToInstall","Windows PushToInstall A"," Microsoft Store ¦c䴩CAȷ|۰ʱҰʡApGΦAȡAݦw˱NLk`B@C","Windows PushToInstall A","Ignore","C:\Windows\System32\svchost.exe -k netsvcs -p","0","Share Process","Stopped","Manual","LocalSystem","Stopped","OK","DESKTOP-TC5H5CS"
﻿"QWAVE","Quality Windows Audio Video Experience","~ Windows T/T (qWave) O@ج[cb IP aκWAAΩ󭵰TT (AV) yBzε{xCqWave iTO AV ε{Aȫ~ (QoS)AiӼWj AV yBzįPiaʡCiѳ\iB涥qʵPjBzBε{^PyquǱƩwC","Quality Windows Audio Video Experience","Normal","C:\Windows\system32\svchost.exe -k LocalServiceAndNoImpersonation -p","0","Share Process","Stopped","Manual","NT AUTHORITY\LocalService","Stopped","OK","DESKTOP-TC5H5CS"
﻿"RasAuto","Remote Access Auto Connection Manager","{ѷӻ DNS  NetBIOS W٩Φ}ɡAإ߻ݺsuC","Remote Access Auto Connection Manager","Normal","C:\Windows\System32\svchost.exe -k netsvcs -p","0","Share Process","Stopped","Manual","localSystem","Stopped","OK","DESKTOP-TC5H5CS"
﻿"RasMan","Remote Access Connection Manager","޲zoxqںΨLݺεpH (VPN) suCpGoӪAȤwΡAҦ̦s󥦪AȳNLkҰʡC","Remote Access Connection Manager","Normal","C:\Windows\System32\svchost.exe -k netsvcs","3288","Share Process","Running","Auto","localSystem","Running","OK","DESKTOP-TC5H5CS"
﻿"RemoteAccess","Routing and Remote Access","ѳsϰμsqѪAȡC","Routing and Remote Access","Normal","C:\Windows\System32\svchost.exe -k netsvcs","0","Share Process","Stopped","Disabled","localSystem","Stopped","OK","DESKTOP-TC5H5CS"
﻿"RemoteRegistry","Remote Registry","ҥλݨϥΪ̭קoӹqWn]wCpGoӪAȳQAnuѳoӹqWϥΪ̭קCpGoӪAȳQΡAȚs󥦪AȱNLkҰʡC","Remote Registry","Normal","C:\Windows\system32\svchost.exe -k localService -p","0","Share Process","Stopped","Disabled","NT AUTHORITY\LocalService","Stopped","OK","DESKTOP-TC5H5CS"
﻿"RetailDemo","sܽdA","sܽdAȷ|˸mbsܽdҦɪʡC","sܽdA","Normal","C:\Windows\System32\svchost.exe -k rdxgroup","0","Share Process","Stopped","Manual","LocalSystem","Stopped","OK","DESKTOP-TC5H5CS"
﻿"RmSvc","Radio Management Service","Luqi޲zPҦA","Radio Management Service","Normal","C:\Windows\System32\svchost.exe -k LocalServiceNetworkRestricted","1728","Share Process","Running","Manual","NT AUTHORITY\LocalService","Running","OK","DESKTOP-TC5H5CS"
﻿"RpcEptMapper","RPC Endpoint Mapper","ѪR RPC ѧOǿICpGAȰΰΡAϥλݵ{ǩIs (RPC) AȪ{NLk`B@C","RPC Endpoint Mapper","Normal","C:\Windows\system32\svchost.exe -k RPCSS -p","940","Share Process","Running","Auto","NT AUTHORITY\NetworkService","Running","OK","DESKTOP-TC5H5CS"
﻿"RpcLocator","Remote Procedure Call (RPC) Locator","b Windows 2003 HΧª Windows Aݵ{ǩIs (RPC) M{Aȭtd޲z RPC W٪AȸƮwCb Windows Vista Ps Windows AAȤѥ\AuOFε{ۮeʦӫOdC","Remote Procedure Call (RPC) Locator","Normal","C:\Windows\system32\locator.exe","0","Own Process","Stopped","Manual","NT AUTHORITY\NetworkService","Stopped","OK","DESKTOP-TC5H5CS"
﻿"RpcSs","Remote Procedure Call (RPC)","RPCSS AȬO COM P DCOM AAȱ޲zCӪAȷ| COM P DCOM A檫ҥέnDBX{ѪRAHΤO^CpGΰΦAȡAϥ COM  DCOM {NLk`B@CjPĳz RPCSS AȡC","Remote Procedure Call (RPC)","Normal","C:\Windows\system32\svchost.exe -k rpcss -p","940","Share Process","Running","Auto","NT AUTHORITY\NetworkService","Running","OK","DESKTOP-TC5H5CS"
﻿"SamSs","Security Accounts Manager","ҰʦAȧYiLAȡAwʱb޲z (SAM) wǳƦnnnDCΦAȱNqtΤLA SAM wgNAӾɭPǪAȵLkTaҰʡCAȤӰΡC","Security Accounts Manager","Normal","C:\Windows\system32\lsass.exe","672","Share Process","Running","Auto","LocalSystem","Running","OK","DESKTOP-TC5H5CS"
﻿"SCardSvr","Smart Card","޲zoӹqŪzdsCpGoӪAȳQAoӹqNLkŪzdCpGoӪAȳQΡAȚs󥦪AȱNLkҰʡC","Smart Card","Normal","C:\Windows\system32\svchost.exe -k LocalServiceAndNoImpersonation","0","Share Process","Stopped","Manual","NT AUTHORITY\LocalService","Stopped","OK","DESKTOP-TC5H5CS"
﻿"ScDeviceEnum","Smart Card Device Enumeration Service","Ьҫwu@qisҦzdŪdAإ߳n˸m`ICpGΦAȡAh WinRT API NLkC|zdŪdC","Smart Card Device Enumeration Service","Normal","C:\Windows\system32\svchost.exe -k LocalSystemNetworkRestricted","4416","Share Process","Running","Manual","LocalSystem","Running","OK","DESKTOP-TC5H5CS"
﻿"Schedule","Task Scheduler","ϥΪ̯boxqW]wMƩw۰ʪu@CAȤ]Dh Windows tέnu@CpGΰγoӪAȡAoǤu@N|bƩwɶCpGγoӪAȡAȚs󥦪AȱNLkҰʡC","Task Scheduler","Normal","C:\Windows\system32\svchost.exe -k netsvcs -p","1784","Share Process","Running","Auto","LocalSystem","Running","OK","DESKTOP-TC5H5CS"
﻿"SCPolicySvc","Smart Card Removal Policy","\Ntγ]wbzdɡAwϥΪ̮ୱC","Smart Card Removal Policy","Normal","C:\Windows\system32\svchost.exe -k netsvcs","0","Share Process","Stopped","Manual","LocalSystem","Stopped","OK","DESKTOP-TC5H5CS"
﻿"SDRSVC","Windows ƥ"," Windows ƥP٭\C","Windows ƥ","Normal","C:\Windows\system32\svchost.exe -k SDRSVC","0","Own Process","Stopped","Manual","localSystem","Stopped","OK","DESKTOP-TC5H5CS"
﻿"seclogon","Secondary Logon","iHbL{ҤҰʳBz{ǡCpGoӪAȰANLkϥγoӵnJsCpGoӪAȤwΡAҦ̦sAȳLk}lC","Secondary Logon","Normal","C:\Windows\system32\svchost.exe -k netsvcs -p","0","Share Process","Stopped","Manual","LocalSystem","Stopped","OK","DESKTOP-TC5H5CS"
﻿"SecurityHealthService","Windows wʪA","Windows wʪAȥiBzX˸mO@ΰdAT","Windows wʪA","Normal","C:\Windows\system32\SecurityHealthService.exe","1168","Own Process","Running","Manual","LocalSystem","Running","OK","DESKTOP-TC5H5CS"
﻿"SEMgrSvc","IڻP NFC/SE ޲z","޲zIڻPZLuqT (NFC) wC","IڻP NFC/SE ޲z","Ignore","C:\Windows\system32\svchost.exe -k LocalService -p","0","Own Process","Stopped","Manual","NT AUTHORITY\LocalService","Stopped","OK","DESKTOP-TC5H5CS"
﻿"SENS","System Event Notification Service","iʵtΨƥAóquCOM+ ƥtΡvq\̦oǨƥ󪺤eC","System Event Notification Service","Normal","C:\Windows\system32\svchost.exe -k netsvcs -p","1444","Share Process","Running","Auto","LocalSystem","Running","OK","DESKTOP-TC5H5CS"
﻿"Sense","Windows Defender Advanced Threat Protection Service","uWindows Defender i¯٨@vAȥizLʵqæbqWoͦwʨƥɦ^AHUzKi¯١C","Windows Defender Advanced Threat Protection Service","Normal",""C:\Program Files\Windows Defender Advanced Threat Protection\MsSense.exe"","0","Own Process","Stopped","Manual","LocalSystem","Stopped","OK","DESKTOP-TC5H5CS"
﻿"SensorDataService","Sensor Data Service","qUطPѸ","Sensor Data Service","Normal","C:\Windows\System32\SensorDataService.exe","0","Own Process","Stopped","Manual","LocalSystem","Stopped","OK","DESKTOP-TC5H5CS"
﻿"SensorService","Sensor Service","ΨӺ޲zPP\઺PAȡC޲zP²˸mV (SDO) P{ơCJi˸mVܧ SDO PCpGAȤwΤwΡAN|J SDO Pӳy|۰ʱCӦ۷P{ƶX]|C","Sensor Service","Normal","C:\Windows\system32\svchost.exe -k LocalSystemNetworkRestricted -p","0","Share Process","Stopped","Manual","LocalSystem","Stopped","OK","DESKTOP-TC5H5CS"
﻿"SensrSvc","Sensor Monitoring Service","ʵUPAH}ƤHۨtλPϥΪ̪AiվCpGΰγoӪAȡAܾGױNLkHۥupӽվCoӪAȤ]i|vTLtΥ\C","Sensor Monitoring Service","Normal","C:\Windows\system32\svchost.exe -k LocalServiceAndNoImpersonation -p","0","Share Process","Stopped","Manual","NT AUTHORITY\LocalService","Stopped","OK","DESKTOP-TC5H5CS"
﻿"SessionEnv","Remote Desktop Configuration","ݮୱ]wA (RDCS) tdBzPݮୱAȤλݮୱ]wΤu@q@ (ݭntΤe)Coǥ]AC@u@qȦsƧBRD DDP RD ҡC","Remote Desktop Configuration","Normal","C:\Windows\System32\svchost.exe -k netsvcs -p","2640","Share Process","Running","Manual","localSystem","Running","OK","DESKTOP-TC5H5CS"
﻿"SgrmBroker","tΨ@涥qʵNzH","Windows xʪʵPҩC","tΨ@涥qʵNzH","Normal","C:\Windows\system32\SgrmBroker.exe","2128","Own Process","Running","Auto","LocalSystem","Running","OK","DESKTOP-TC5H5CS"
﻿"SharedAccess","Internet Connection Sharing (ICS)","aκΤp줽ǺѺ}ĶBw}BWٸѪRM/ΤJIwAȡC","Internet Connection Sharing (ICS)","Normal","C:\Windows\System32\svchost.exe -k netsvcs -p","0","Share Process","Stopped","Manual","LocalSystem","Stopped","OK","DESKTOP-TC5H5CS"
﻿"SharedRealitySvc","ŶƪA","oAȾAΩŶPר","ŶƪA","Normal","C:\Windows\system32\svchost.exe -k LocalService -p","0","Share Process","Stopped","Manual","NT AUTHORITY\LocalService","Stopped","OK","DESKTOP-TC5H5CS"
﻿"ShellHWDetection","Shell Hardware Detection","۰ʼwƥ󴣨ѳqC","Shell Hardware Detection","Ignore","C:\Windows\System32\svchost.exe -k netsvcs -p","1740","Share Process","Running","Auto","LocalSystem","Running","OK","DESKTOP-TC5H5CS"
﻿"shpamsvc","Shared PC Account Manager","Manages profiles and accounts on a SharedPC configured device","Shared PC Account Manager","Normal","C:\Windows\System32\svchost.exe -k netsvcs -p","0","Share Process","Stopped","Disabled","LocalSystem","Stopped","OK","DESKTOP-TC5H5CS"
﻿"smphost","Microsoft Storage Spaces SMP","˸uMicrosoft xsŶv޲zѪ̪AȡCpGΰΦAȡANLk޲zuxsŶvC","Microsoft Storage Spaces SMP","Normal","C:\Windows\System32\svchost.exe -k smphost","0","Own Process","Stopped","Manual","NT AUTHORITY\NetworkService","Stopped","OK","DESKTOP-TC5H5CS"
﻿"SmsRouter","Microsoft Windows SMS ѾAȡC","ھڳWhNTѨAΤݡC","Microsoft Windows SMS ѾAȡC","Normal","C:\Windows\system32\svchost.exe -k LocalServiceNetworkRestricted -p","0","Share Process","Stopped","Manual","NT Authority\LocalService","Stopped","OK","DESKTOP-TC5H5CS"
﻿"SNMPTRAP","SNMP ]","ѥλ²޲zqTw (SNMP) Nz{ҲͪTAeӰTboӹqW椤 SNMP ޲z{CpGoӪAȳQAoӹqW SNMP D{N SNMP TCpGoӪAȳQΡAȚs󥦪AȱNLkҰʡC","SNMP ]","Normal","C:\Windows\System32\snmptrap.exe","0","Own Process","Stopped","Manual","NT AUTHORITY\LocalService","Stopped","OK","DESKTOP-TC5H5CS"
﻿"spectrum","Windows PA","ϪŶPAŶJMĶC","Windows PA","Normal","C:\Windows\system32\spectrum.exe","0","Own Process","Stopped","Manual","NT AUTHORITY\LocalService","Stopped","OK","DESKTOP-TC5H5CS"
﻿"Spooler","Print Spooler","Aȷ|huwĳBzCLu@AóBzPLʡCpGzAȡANLkCLάݨzLC","Print Spooler","Normal","C:\Windows\System32\spoolsv.exe","1988","Own Process","Running","Auto","LocalSystem","Running","OK","DESKTOP-TC5H5CS"
﻿"sppsvc","Software Protection","w Windows  Windows ε{AҥμƦvUBwˤαj\CpGθӪAȡA@~tΤΤwvε{i|HqҦӰCjPĳnγnO@AȡC","Software Protection","Normal","C:\Windows\system32\sppsvc.exe","0","Own Process","Stopped","Auto","NT AUTHORITY\NetworkService","Stopped","OK","DESKTOP-TC5H5CS"
﻿"SQLWriter","SQL Server VSS Writer","Provides the interface to backup/restore Microsoft SQL server through the Windows VSS infrastructure.","SQL Server VSS Writer","Normal",""C:\Program Files\Microsoft SQL Server\90\Shared\sqlwriter.exe"","2820","Own Process","Running","Auto","LocalSystem","Running","OK","DESKTOP-TC5H5CS"
﻿"SSDPSRV","SSDP Discovery","ϥ SSDP qTwBwsW˸mΪAȡAҦp UPnP ˸mCٷ|ŧibqW檺 SSDP ˸mΪAȡCpGAȡAN|Lk SSDP ˸mCpGoӪAȤwΡAҦ̦s󥦪AȳNLkҰʡC","SSDP Discovery","Normal","C:\Windows\system32\svchost.exe -k LocalServiceAndNoImpersonation -p","4848","Share Process","Running","Manual","NT AUTHORITY\LocalService","Running","OK","DESKTOP-TC5H5CS"
﻿"ssh-agent","OpenSSH Authentication Agent","Agent to hold private keys used for public key authentication.","OpenSSH Authentication Agent","Normal","C:\Windows\System32\OpenSSH\ssh-agent.exe","0","Own Process","Stopped","Disabled","LocalSystem","Stopped","OK","DESKTOP-TC5H5CS"
﻿"SstpSvc","Secure Socket Tunneling Protocol Service","ѦwqTݳqDqTw (SSTP) ϥ VPN su컷ݹq䴩CpGΦAȡAϥΪ̱NLkϥ SSTP sݦAC","Secure Socket Tunneling Protocol Service","Normal","C:\Windows\system32\svchost.exe -k LocalService -p","2784","Share Process","Running","Manual","NT Authority\LocalService","Running","OK","DESKTOP-TC5H5CS"
﻿"StateRepository","State Repository Service","ε{ҫѥn¦c䴩C","State Repository Service","Normal","C:\Windows\system32\svchost.exe -k appmodel -p","1924","Share Process","Running","Manual","LocalSystem","Running","OK","DESKTOP-TC5H5CS"
﻿"stisvc","Windows Image Acquisition (WIA)","yPƦ۾Ѽv^A","Windows Image Acquisition (WIA)","Normal","C:\Windows\system32\svchost.exe -k imgsvc","0","Own Process","Stopped","Manual","NT Authority\LocalService","Stopped","OK","DESKTOP-TC5H5CS"
﻿"StorSvc","Storage Service","ѬxsŶ]wP~xsŶXRҥΪAȪ\","Storage Service","Normal","C:\Windows\System32\svchost.exe -k LocalSystemNetworkRestricted -p","2436","Share Process","Running","Auto","LocalSystem","Running","OK","DESKTOP-TC5H5CS"
﻿"svsvc","Spot Verifier","ˬdi઺ɮרtηlC","Spot Verifier","Normal","C:\Windows\system32\svchost.exe -k LocalSystemNetworkRestricted -p","0","Share Process","Stopped","Manual","LocalSystem","Stopped","OK","DESKTOP-TC5H5CS"
﻿"swprv","Microsoft Software Shadow Copy Provider","޲zϺаϳvƻsAȩҨoHn鬰DϺаϳvƻsCpGoӪAȡANLk޲zHn鬰DϺаϳvƻsCpGγoӪAȡAȚs󥦪AȱNLkҰʡC","Microsoft Software Shadow Copy Provider","Normal","C:\Windows\System32\svchost.exe -k swprv","0","Own Process","Stopped","Manual","LocalSystem","Stopped","OK","DESKTOP-TC5H5CS"
﻿"SysMain","SysMain","@Mi@qɶ᪺tήįC","SysMain","Ignore","C:\Windows\system32\svchost.exe -k LocalSystemNetworkRestricted -p","1280","Share Process","Running","Auto","LocalSystem","Running","OK","DESKTOP-TC5H5CS"
﻿"SystemEventsBroker","System Events Broker"," WinRT ε{Iu@CpGΰΦAȡAhiण|ĲoIu@C","System Events Broker","Normal","C:\Windows\system32\svchost.exe -k DcomLaunch -p","808","Share Process","Running","Auto","LocalSystem","Running","OK","DESKTOP-TC5H5CS"
﻿"TabletInputService","Touch Keyboard and Handwriting Panel Service","ҥĲLMgOε\","Touch Keyboard and Handwriting Panel Service","Normal","C:\Windows\System32\svchost.exe -k LocalSystemNetworkRestricted -p","3756","Share Process","Running","Manual","LocalSystem","Running","OK","DESKTOP-TC5H5CS"
﻿"TapiSrv","Telephony","{ѹqܻy API (TAPI) 䴩A{iHqWqܻy˸mAγzLϰ]PɰӪAȤAWqܻy˸mC","Telephony","Normal","C:\Windows\System32\svchost.exe -k NetworkService -p","0","Share Process","Stopped","Manual","NT AUTHORITY\NetworkService","Stopped","OK","DESKTOP-TC5H5CS"
﻿"TermService","Remote Desktop Services","\ϥΪ̥Hʤ覡su컷ݹqCݮୱλݮୱu@qDAݭn̿হAȡCYnקKqݨϥγoqAШM [tΤe] xت [] ޼ҤW֨C","Remote Desktop Services","Normal","C:\Windows\System32\svchost.exe -k NetworkService","696","Share Process","Running","Manual","NT Authority\NetworkService","Running","OK","DESKTOP-TC5H5CS"
﻿"Themes","Themes","ѨϥΪ̸gDD޲zC","Themes","Normal","C:\Windows\System32\svchost.exe -k netsvcs -p","1288","Share Process","Running","Auto","LocalSystem","Running","OK","DESKTOP-TC5H5CS"
﻿"TieringEngineService","Storage Tiers Management","̨ΤƸƦbtΤҦwhƤxsŶxshWm覡C","Storage Tiers Management","Normal","C:\Windows\system32\TieringEngineService.exe","0","Own Process","Stopped","Manual","localSystem","Stopped","OK","DESKTOP-TC5H5CS"
﻿"TimeBrokerSvc","Time Broker"," WinRT ε{Iu@CpGΰΦAȡAhiण|ĲoIu@C","Time Broker","Normal","C:\Windows\system32\svchost.exe -k LocalServiceNetworkRestricted -p","1056","Share Process","Running","Manual","NT AUTHORITY\LocalService","Running","OK","DESKTOP-TC5H5CS"
﻿"TokenBroker","Web b޲z","Web b޲zϥΤFAȨӴѳ@nJε{PAȡC","Web b޲z","Normal","C:\Windows\system32\svchost.exe -k netsvcs -p","524","Share Process","Running","Manual","LocalSystem","Running","OK","DESKTOP-TC5H5CS"
﻿"TrkWks","Distributed Link Tracking Client","@qκPq NTFS ɮ׶sC","Distributed Link Tracking Client","Normal","C:\Windows\System32\svchost.exe -k LocalSystemNetworkRestricted -p","2904","Share Process","Running","Auto","LocalSystem","Running","OK","DESKTOP-TC5H5CS"
﻿"TroubleshootingSvc","ĳƸѪA","MΫĳƸѡAwwDҥΦ۰ʭCCpGAz˸mNLkow˸mDĳƸѡC","ĳƸѪA","Normal","C:\Windows\system32\svchost.exe -k netsvcs -p","0","Share Process","Stopped","Manual","LocalSystem","Stopped","OK","DESKTOP-TC5H5CS"
﻿"TrustedInstaller","Windows Modules Installer","iHwˡBקHβ Windows sMΪCpGΦAȡAhqw˩θѰw Windows si|ѡC","Windows Modules Installer","Normal","C:\Windows\servicing\TrustedInstaller.exe","0","Own Process","Stopped","Manual","localSystem","Stopped","OK","DESKTOP-TC5H5CS"
﻿"tzautoupdate","۰ʮɰϧs{","۰ʳ]wtήɰϡC","۰ʮɰϧs{","Normal","C:\Windows\system32\svchost.exe -k LocalService -p","0","Share Process","Stopped","Disabled","NT AUTHORITY\LocalService","Stopped","OK","DESKTOP-TC5H5CS"
﻿"UevAgentService","User Experience Virtualization Service","ѹε{P OS ]wC䴩","User Experience Virtualization Service","Normal","C:\Windows\system32\AgentService.exe","0","Own Process","Stopped","Disabled","LocalSystem","Stopped","OK","DESKTOP-TC5H5CS"
﻿"uhssvc","Microsoft Update Health Service","Maintains Update Health","Microsoft Update Health Service","Normal",""C:\Program Files\Microsoft Update Health Tools\uhssvc.exe"","0","Own Process","Stopped","Disabled","LocalSystem","Stopped","OK","DESKTOP-TC5H5CS"
﻿"UmRdpService","Remote Desktop Services UserMode Port Redirector","\sɦV RDP suL/Ϻо/s","Remote Desktop Services UserMode Port Redirector","Normal","C:\Windows\System32\svchost.exe -k LocalSystemNetworkRestricted -p","2412","Share Process","Running","Manual","localSystem","Running","OK","DESKTOP-TC5H5CS"
﻿"upnphost","UPnP Device Host","\bqW˸ UPnP ˸mCpGAȡA˸ UPnP ˸mNB@BLksWL˸˸mCpGΦAȡAȚs󦹪AȪAȳNLkҰʡC","UPnP Device Host","Normal","C:\Windows\system32\svchost.exe -k LocalServiceAndNoImpersonation -p","0","Share Process","Stopped","Manual","NT AUTHORITY\LocalService","Stopped","OK","DESKTOP-TC5H5CS"
﻿"UserManager","User Manager","ϥΪ̺޲zѦhϥΪ̤ʩһݪ涥qCpGAȡAYε{iLkTB@C","User Manager","Normal","C:\Windows\system32\svchost.exe -k netsvcs -p","1220","Share Process","Running","Auto","LocalSystem","Running","OK","DESKTOP-TC5H5CS"
﻿"UsoSvc","s Orchestrator A","޲z Windows sCpGwAz˸mNLkUæw˳̷ssC","s Orchestrator A","Normal","C:\Windows\system32\svchost.exe -k netsvcs -p","4516","Share Process","Running","Auto","LocalSystem","Running","OK","DESKTOP-TC5H5CS"
﻿"VacSvc","enqTgA","VXҭTiŶRC","enqTgA","Normal","C:\Windows\System32\svchost.exe -k LocalServiceNetworkRestricted -p","0","Own Process","Stopped","Manual","NT AUTHORITY\LocalService","Stopped","OK","DESKTOP-TC5H5CS"
﻿"VaultSvc","Credential Manager","ѨϥΪ̦wxsH^{ҡBε{HΦwʪAȫʸˡC","Credential Manager","Normal","C:\Windows\system32\lsass.exe","672","Share Process","Running","Manual","LocalSystem","Running","OK","DESKTOP-TC5H5CS"
﻿"vds","Virtual Disk","ѺϺСBϺаϡBɮרtλPs˸m}C޲zAȡC","Virtual Disk","Normal","C:\Windows\System32\vds.exe","0","Own Process","Stopped","Manual","LocalSystem","Stopped","OK","DESKTOP-TC5H5CS"
﻿"VGAuthService","VMware Alias Manager and Ticket Service","Alias Manager and Ticket Service","VMware Alias Manager and Ticket Service","Normal",""C:\Program Files\VMware\VMware Tools\VMware VGAuth\VGAuthService.exe"","3000","Own Process","Running","Auto","LocalSystem","Running","OK","DESKTOP-TC5H5CS"
﻿"vmicguestinterface","Hyper-V Guest Service Interface","Ѥ Hyper-V DP檺SwAȤʡC","Hyper-V Guest Service Interface","Normal","C:\Windows\system32\svchost.exe -k LocalSystemNetworkRestricted -p","0","Share Process","Stopped","Manual","LocalSystem","Stopped","OK","DESKTOP-TC5H5CS"
﻿"vmicheartbeat","Hyper-V Heartbeat Service","wiʰTӺʵACAȥiUzѧOw^椤C","Hyper-V Heartbeat Service","Normal","C:\Windows\system32\svchost.exe -k ICService -p","0","Share Process","Stopped","Manual","LocalSystem","Stopped","OK","DESKTOP-TC5H5CS"
﻿"vmickvpexchange","Hyper-V Data Exchange Service","Ѥ@ؾAHKbιqW椧@~tζ洫ơC","Hyper-V Data Exchange Service","Normal","C:\Windows\system32\svchost.exe -k LocalSystemNetworkRestricted -p","0","Share Process","Stopped","Manual","LocalSystem","Stopped","OK","DESKTOP-TC5H5CS"
﻿"vmicrdv","Hyper-V Remote Desktop Virtualization Service","ѥxAPbqW檺@~tΩqTC","Hyper-V Remote Desktop Virtualization Service","Normal","C:\Windows\system32\svchost.exe -k ICService -p","0","Share Process","Stopped","Manual","LocalSystem","Stopped","OK","DESKTOP-TC5H5CS"
﻿"vmicshutdown","Hyper-V Guest Shutdown Service","ѱqq޲zoӵ@~tΪC","Hyper-V Guest Shutdown Service","Normal","C:\Windows\system32\svchost.exe -k LocalSystemNetworkRestricted -p","0","Share Process","Stopped","Manual","LocalSystem","Stopped","OK","DESKTOP-TC5H5CS"
﻿"vmictimesync","Hyper-V Time Synchronization Service","PBƳoӵPqtήɶC","Hyper-V Time Synchronization Service","Normal","C:\Windows\system32\svchost.exe -k LocalServiceNetworkRestricted -p","0","Share Process","Stopped","Manual","NT AUTHORITY\LocalService","Stopped","OK","DESKTOP-TC5H5CS"
﻿"vmicvmsession","Hyper-V PowerShell Direct Service","ѦbSpUzL VM u@qft PowerShell ޲zC","Hyper-V PowerShell Direct Service","Normal","C:\Windows\system32\svchost.exe -k LocalSystemNetworkRestricted -p","0","Share Process","Stopped","Manual","LocalSystem","Stopped","OK","DESKTOP-TC5H5CS"
﻿"vmicvss","Hyper-V Volume Shadow Copy Requestor","պϺаϳvƻsAȩһݪqTAHKqq@~tαNε{PƳƥoӵC","Hyper-V Volume Shadow Copy Requestor","Normal","C:\Windows\system32\svchost.exe -k LocalSystemNetworkRestricted -p","0","Share Process","Stopped","Manual","LocalSystem","Stopped","OK","DESKTOP-TC5H5CS"
﻿"VMTools","VMware Tools","䴩bDM@~tΤPBC","VMware Tools","Normal",""C:\Program Files\VMware\VMware Tools\vmtoolsd.exe"","2992","Own Process","Running","Auto","LocalSystem","Running","OK","DESKTOP-TC5H5CS"
﻿"vmvss","VMware Snapshot Provider","VMware Snapshot Provider","VMware Snapshot Provider","Normal","C:\Windows\system32\dllhost.exe /Processid:{2165EAEA-6B97-4469-B68E-C260B2EC62BB}","0","Own Process","Stopped","Manual","LocalSystem","Stopped","OK","DESKTOP-TC5H5CS"
﻿"VMwareCAFCommAmqpListener","VMware CAF AMQP Communication Service","VMware Common Agent AMQP Communication Service","VMware CAF AMQP Communication Service","Normal",""C:\Program Files\VMware\VMware Tools\VMware CAF\pme\bin\CommAmqpListener.exe"","0","Own Process","Stopped","Manual","LocalSystem","Stopped","OK","DESKTOP-TC5H5CS"
﻿"VMwareCAFManagementAgentHost","VMware CAF Management Agent Service","VMware Common Agent Management Agent Service","VMware CAF Management Agent Service","Normal",""C:\Program Files\VMware\VMware Tools\VMware CAF\pme\bin\ManagementAgentHost.exe"","0","Own Process","Stopped","Manual","LocalSystem","Stopped","OK","DESKTOP-TC5H5CS"
﻿"VSS","Volume Shadow Copy","޲zΰΩƥMLتϺаϳvƻsCpGoӪAȳQAvƻsNLkΩƥAƥi|ѡCpGoӪAȳQΡAȚs󥦪AȱNLkҰʡC","Volume Shadow Copy","Normal","C:\Windows\system32\vssvc.exe","0","Own Process","Stopped","Manual","LocalSystem","Stopped","OK","DESKTOP-TC5H5CS"
﻿"VSStandardCollectorService150","Visual Studio Standard Collector Service 150","Visual Studio Data Collection Service. When running, this service collects real-time ETW events and processes them.","Visual Studio Standard Collector Service 150","Ignore",""C:\Program Files (x86)\Microsoft Visual Studio\Shared\Common\DiagnosticsHub.Collection.Service\StandardCollector.Service.exe"","0","Own Process","Stopped","Manual","LocalSystem","Stopped","OK","DESKTOP-TC5H5CS"
﻿"W32Time","Windows Time","@bWҦΤݤΦAƤήɶPBBzCpGoӪAȰANLkiMɶPBBzCpGoӪAȳQΡAҦ̦sAȳ|C","Windows Time","Normal","C:\Windows\system32\svchost.exe -k LocalService","0","Share Process","Stopped","Manual","NT AUTHORITY\LocalService","Stopped","OK","DESKTOP-TC5H5CS"
﻿"WaaSMedicSvc","Windows Update Medic A","ҥ Windows Update 󪺭״_MO@C","Windows Update Medic A","Normal","C:\Windows\system32\svchost.exe -k wusvcs -p","9388","Share Process","Running","Manual","LocalSystem","Running","OK","DESKTOP-TC5H5CS"
﻿"WalletService","WalletService","˸ѹql]ΤݨϥΪ","WalletService","Ignore","C:\Windows\System32\svchost.exe -k appmodel -p","0","Share Process","Stopped","Manual","LocalSystem","Stopped","OK","DESKTOP-TC5H5CS"
﻿"WarpJITSvc","WarpJITSvc","Provides a JIT out of process service for WARP when running with ACG enabled.","WarpJITSvc","Ignore","C:\Windows\System32\svchost.exe -k LocalServiceNetworkRestricted","0","Own Process","Stopped","Manual","NT Authority\LocalService","Stopped","OK","DESKTOP-TC5H5CS"
﻿"wbengine","Block Level Backup Engine Service","WBENGINE Aȥi Windows ƥƥέ״_ާ@CpGϥΪ̰AȡAi|ɭPثeb檺ƥέ״_ާ@ѡCΦAȡAh|ΦboqWϥ Windows ƥi檺ƥέ״_ާ@C","Block Level Backup Engine Service","Normal",""C:\Windows\system32\wbengine.exe"","0","Own Process","Stopped","Manual","localSystem","Stopped","OK","DESKTOP-TC5H5CS"
﻿"WbioSrvc","Windows Biometric Service","Windows ͪSxѧOAȥiHΤε{BBaHxsͪSxѸơALsͪSxѵwμ˥CAȬObSv SVCHOST Bz{ǤNުC","Windows Biometric Service","Normal","C:\Windows\system32\svchost.exe -k WbioSvcGroup","0","Share Process","Stopped","Manual","LocalSystem","Stopped","OK","DESKTOP-TC5H5CS"
﻿"Wcmsvc","Windows Connection Manager","̾ PC ثeiΪsuﶵإߦ۰ʳsu/_suMAè̾ڸsխh]w޲zsuC","Windows Connection Manager","Normal","C:\Windows\system32\svchost.exe -k LocalServiceNetworkRestricted -p","1656","Own Process","Running","Auto","NT Authority\LocalService","Running","OK","DESKTOP-TC5H5CS"
﻿"wcncsvc","Windows Connect Now - Config Registrar","WCNCSVC D Windows Connect Now ]wAoO Microsoft LuO@]w (WPS) qTw@CoOΨӳ]wsI (AP) εLu˸mLuϰ]wCiH̻ݭnQε{]p覡ҰʪAȡC","Windows Connect Now - Config Registrar","Normal","C:\Windows\System32\svchost.exe -k LocalServiceAndNoImpersonation -p","0","Share Process","Stopped","Manual","NT AUTHORITY\LocalService","Stopped","OK","DESKTOP-TC5H5CS"
﻿"WdiServiceHost","Diagnostic Service Host","E_hAȷ|ϥζE_Aȸ˸A˸ݭnbAȤeW檺E_CpGAȤwAWE_NAͧ@ΡC","Diagnostic Service Host","Normal","C:\Windows\System32\svchost.exe -k LocalService -p","3048","Share Process","Running","Manual","NT AUTHORITY\LocalService","Running","OK","DESKTOP-TC5H5CS"
﻿"WdiSystemHost","Diagnostic System Host","E_hAȷ|ϥζE_tθ˸A˸ݭnbtΤeW檺E_CpGAȤwAWE_NAͧ@ΡC","Diagnostic System Host","Normal","C:\Windows\System32\svchost.exe -k LocalSystemNetworkRestricted -p","59148","Share Process","Running","Manual","LocalSystem","Running","OK","DESKTOP-TC5H5CS"
﻿"WdNisSvc","Microsoft Defender Antivirus Network Inspection Service","UmHqTwwPso{zIؼЦӵoʪJI","Microsoft Defender Antivirus Network Inspection Service","Normal",""C:\ProgramData\Microsoft\Windows Defender\Platform\4.18.23070.1004-0\NisSrv.exe"","4560","Own Process","Running","Manual","NT AUTHORITY\LocalService","Running","OK","DESKTOP-TC5H5CS"
﻿"WebClient","WebClient"," Windows {iإߡBsέקںɮסCpGAȰAoǥ\NLkϥΡCpGAȰΡAҦȚs󥦪AȳNLkҰʡC","WebClient","Normal","C:\Windows\system32\svchost.exe -k LocalService -p","0","Share Process","Stopped","Manual","NT AUTHORITY\LocalService","Stopped","OK","DESKTOP-TC5H5CS"
﻿"Wecsvc","Windows Event Collector","AȺ޲z䴩 WS-Management qTwݨӷƥ󪺫q\Co]A Windows Vista ƥOɡBwPҥ IPMI ƥӷCAȷ|NeƥxsbƥOɤCpGAȰΰΡANLkإߨƥq\A]LkeƥC","Windows Event Collector","Normal","C:\Windows\system32\svchost.exe -k NetworkService -p","0","Share Process","Stopped","Manual","NT AUTHORITY\NetworkService","Stopped","OK","DESKTOP-TC5H5CS"
﻿"WEPHOSTSVC","Windows Encryption Provider Host Service","Windows [KѪ̥DAȷ|NӦۨOtӥ[KѪ̪[K\A򤶵ݭnîM EAS h{ǡCNAN|}asulbwإߪ EAS XWˬd","Windows Encryption Provider Host Service","Normal","C:\Windows\system32\svchost.exe -k WepHostSvcGroup","0","Share Process","Stopped","Manual","NT AUTHORITY\LocalService","Stopped","OK","DESKTOP-TC5H5CS"
﻿"wercplsupport","Problem Reports Control Panel Support","oӪAȯର [Di] x˵BǰeMRtμhŰDi䴩C","Problem Reports Control Panel Support","Normal","C:\Windows\System32\svchost.exe -k netsvcs -p","0","Share Process","Stopped","Manual","localSystem","Stopped","OK","DESKTOP-TC5H5CS"
﻿"WerSvc","Windows Error Reporting Service","b{B@ΰ^ɡA\^~AåB\ǻ{ѨMסC~A]\ͥΩE_P״_AȪOɡCpGAȤwA~iNiLk`B@AåBi]LkܶE_AȤέ״_GC","Windows Error Reporting Service","Ignore","C:\Windows\System32\svchost.exe -k WerSvcGroup","0","Own Process","Stopped","Manual","localSystem","Stopped","OK","DESKTOP-TC5H5CS"
﻿"WFDSConMgrSvc","Wi-Fi Direct Aȳsu޲zA","޲zLuA (]ALuܾPXRy) suC","Wi-Fi Direct Aȳsu޲zA","Normal","C:\Windows\system32\svchost.exe -k LocalServiceNetworkRestricted -p","0","Share Process","Stopped","Manual","NT AUTHORITY\LocalService","Stopped","OK","DESKTOP-TC5H5CS"
﻿"WiaRpc","Still Image Acquisition Events","ҰʻPRAv^ƥpε{C","Still Image Acquisition Events","Normal","C:\Windows\system32\svchost.exe -k LocalSystemNetworkRestricted -p","0","Share Process","Stopped","Manual","LocalSystem","Stopped","OK","DESKTOP-TC5H5CS"
﻿"WinDefend","Microsoft Defender Antivirus Service","UϥΪ̨cN{XΨLbUn","Microsoft Defender Antivirus Service","Normal",""C:\ProgramData\Microsoft\Windows Defender\Platform\4.18.23070.1004-0\MsMpEng.exe"","3104","Own Process","Running","Auto","LocalSystem","Running","OK","DESKTOP-TC5H5CS"
﻿"WinHttpAutoProxySvc","WinHTTP Web Proxy Auto-Discovery Service","WinHTTP |@Τ HTTP |ôѶ}oH Win32 API  COM ۰ʤƤӶǰe HTTP nDα^C~AWinHTTP zL@ Web Proxy Auto-Discovery (WPAD) qTwAѦ۰ʱ Proxy ]w䴩C","WinHTTP Web Proxy Auto-Discovery Service","Normal","C:\Windows\system32\svchost.exe -k LocalServiceNetworkRestricted -p","4364","Share Process","Running","Manual","NT AUTHORITY\LocalService","Running","OK","DESKTOP-TC5H5CS"
﻿"Winmgmt","Windows Management Instrumentation","ѤΤΪҫAHs@~tΡB˸mBε{ΪAȪ޲zTCpGoӪAȤwAjhƪ Windows nNLk`B@CpGoӪAȤwΡAҦ̦s󥦪AȳNLkҰʡC","Windows Management Instrumentation","Ignore","C:\Windows\system32\svchost.exe -k netsvcs -p","2764","Share Process","Running","Auto","localSystem","Running","OK","DESKTOP-TC5H5CS"
﻿"WinRM","Windows Remote Management (WS-Management)","Windows ݺ޲z (WinRM) AȬݺ޲z@ WS-Management qTwCWS-Management AΩ󻷺ݳnPw޲zз Web AȳqTwCWinRM Aȷ|ťóBzW WS-Management nDCϥ winrm.cmd ROCuγzLsխhӳ]w WinRM Aȷftť{A~౵ťWnDCWinRM Aȴ WMI ƪsAïবƥơC榹AȡAƥ󪺨ƥ󦬶Pq\~B@CWinRM Tϥ HTTP P HTTPS ӶiǿCWinRM AȤݨ̿ IISAw]w|bۦPqWP IIS @άۦPsCWinRM AȫOd /wsman URL XCקKP IIS ĬAtκ޲zӽTw IIS W檺Ҧ|ϥ /wsman URL XC","Windows Remote Management (WS-Management)","Normal","C:\Windows\System32\svchost.exe -k NetworkService -p","0","Share Process","Stopped","Manual","NT AUTHORITY\NetworkService","Stopped","OK","DESKTOP-TC5H5CS"
﻿"wisvc","Windows դHA"," Windows դHpe¦c䴩AAȥOҥΡAWindows դHpe~@ΡC","Windows դHA","Normal","C:\Windows\system32\svchost.exe -k netsvcs -p","0","Share Process","Stopped","Manual","LocalSystem","Stopped","OK","DESKTOP-TC5H5CS"
﻿"WlanSvc","WLAN AutoConfig","WLANSVC Aȴѥn޿AiH̾ IEEE 802.11 зǩwq覡]wBBsuM_Luϰ (WLAN) suC]]tNqഫܳnsI޿AL˸mιqiHϥΤ䴩oإ\઺ WLAN dHLu覡suqCΰ WLANSVC Aȫh|Lkq Windows  UI sqWҦ WLAN dCpGqt WLAN dAjPĳ WLANSVC AȡC","WLAN AutoConfig","Normal","C:\Windows\system32\svchost.exe -k LocalSystemNetworkRestricted -p","0","Own Process","Stopped","Manual","LocalSystem","Stopped","OK","DESKTOP-TC5H5CS"
﻿"wlidsvc","Microsoft Account Sign-in Assistant","iϥΪ̳zL Microsoft bᨭѧOAȵnJCpGAȤwAϥΪ̱NLkϥΥL̪ Microsoft bnJqC","Microsoft Account Sign-in Assistant","Normal","C:\Windows\system32\svchost.exe -k netsvcs -p","0","Share Process","Stopped","Manual","LocalSystem","Stopped","OK","DESKTOP-TC5H5CS"
﻿"wlpasvc","]wɧUzA","AȬq\̨ѧOҲմѳ]wɺ޲z\","]wɧUzA","Normal","C:\Windows\system32\svchost.exe -k LocalServiceNetworkRestricted -p","0","Share Process","Stopped","Manual","NT Authority\LocalService","Stopped","OK","DESKTOP-TC5H5CS"
﻿"WManSvc","Windows ޲zA","޲zA]AGةMU","Windows ޲zA","Normal","C:\Windows\system32\svchost.exe -k netsvcs -p","0","Share Process","Stopped","Manual","LocalSystem","Stopped","OK","DESKTOP-TC5H5CS"
﻿"wmiApSrv","WMI Performance Adapter","ѨӦ Windows Management Instrumentation (WMI) Ѫ̪į{wTWΤݡCubҥήįƨU{ɡAoӪAȤ~|C","WMI Performance Adapter","Normal","C:\Windows\system32\wbem\WmiApSrv.exe","0","Own Process","Stopped","Manual","localSystem","Stopped","OK","DESKTOP-TC5H5CS"
﻿"WMPNetworkSvc","Windows Media Player Network Sharing Service","PL{MϥγqHYΪC˸m@ Windows Media Player Cd","Windows Media Player Network Sharing Service","Normal",""C:\Program Files\Windows Media Player\wmpnetwk.exe"","0","Own Process","Stopped","Manual","NT AUTHORITY\NetworkService","Stopped","OK","DESKTOP-TC5H5CS"
﻿"workfolderssvc","Work Folders","Aȷ|Puu@ƧvAPBɮסAziHbw]wuu@ƧvqM˸mWϥɮסC","Work Folders","Normal","C:\Windows\System32\svchost.exe -k LocalService -p","0","Share Process","Stopped","Manual","NT AUTHORITY\LocalService","Stopped","OK","DESKTOP-TC5H5CS"
﻿"WpcMonSvc","a@","w Windows lkbja@CpGwΰΦAȡAiNLkja@C","a@","Normal","C:\Windows\system32\svchost.exe -k LocalService","0","Own Process","Stopped","Manual","LocalSystem","Stopped","OK","DESKTOP-TC5H5CS"
﻿"WPDBusEnum","Portable Device Enumerator Service","jjs˸mϥθsխhCi Windows Media Player μvפJFε{AoHϥΨjs˸mAӶǿæPBBzeC","Portable Device Enumerator Service","Normal","C:\Windows\system32\svchost.exe -k LocalSystemNetworkRestricted","0","Share Process","Stopped","Manual","LocalSystem","Stopped","OK","DESKTOP-TC5H5CS"
﻿"WpnService","Windows qtΪA","AȬObu@q 0 ø˸qxPsuѪ (tdBz˸mP WNS Asu)C","Windows qtΪA","Normal","C:\Windows\system32\svchost.exe -k netsvcs -p","2936","Share Process","Running","Auto","LocalSystem","Running","OK","DESKTOP-TC5H5CS"
﻿"wscsvc","Security Center","WSCSVC (Windows wʤ) Aȷ|ʵMiqWwʰdp]wCdp]w]A (}/)Br (}//L)B϶ҥ\ (}//L)AWindows Update (۰/ʤUMw˧s)BϥΪ̱bᱱ (}/) Hκں]w (ĳ/ĳ)CAȴ COM APIAiѿW߳ntӥΨӦVwʤߪAȵUMO䲣~ACwʻP@ (AC) UI ϥΦAȦb [wʻP@] xѨtΧXĵܥHΦwʰdpAϧ˵CsO@ (NAP) ϥΦAȨӦV NAP hAiΤݪwʰdpAAHXjMCAȤ]㦳 APIA\~Ϊ̥H{]p覡^tΪJ`wʰdpAC","Security Center","Normal","C:\Windows\System32\svchost.exe -k LocalServiceNetworkRestricted -p","2188","Share Process","Running","Auto","NT AUTHORITY\LocalService","Running","OK","DESKTOP-TC5H5CS"
﻿"WSearch","Windows Search","ɮסBqllMLeeޡBe֨MjMGC","Windows Search","Normal","C:\Windows\system32\SearchIndexer.exe /Embedding","4212","Own Process","Running","Auto","LocalSystem","Running","OK","DESKTOP-TC5H5CS"
﻿"wuauserv","Windows Update","ҥΰBUæw Windows ΨL{sCpGΦAȡAoqϥΪ̱NLkϥ Windows Update Ψ۰ʧs\CӥB{NLkϥ Windows Update Agent (WUA) APIC","Windows Update","Normal","C:\Windows\system32\svchost.exe -k netsvcs -p","0","Share Process","Stopped","Manual","LocalSystem","Stopped","OK","DESKTOP-TC5H5CS"
﻿"WwanSvc","WWAN AutoConfig","oӪAȳzL۰ʳ]wA޲zʼeW (GSM & CDMA) ƾڥd/OҲդdMsuCjPĳoӪAȡAHoʼeW˸m̨ΨϥΪC","WWAN AutoConfig","Normal","C:\Windows\system32\svchost.exe -k LocalSystemNetworkRestricted -p","0","Share Process","Stopped","Manual","localSystem","Stopped","OK","DESKTOP-TC5H5CS"
﻿"XblAuthManager","Xbox Live Һ޲z","ѻP Xbox Live ʪҩMvAȡCpGAȰAε{iLk`B@C","Xbox Live Һ޲z","Normal","C:\Windows\system32\svchost.exe -k netsvcs -p","0","Share Process","Stopped","Manual","LocalSystem","Stopped","OK","DESKTOP-TC5H5CS"
﻿"XblGameSave","Xbox Live Cxs","Aȷ|PB Xbox Live wҥxsCxsơCpGAȰACxsƱN|WǦܩαq Xbox Live UC","Xbox Live Cxs","Normal","C:\Windows\system32\svchost.exe -k netsvcs -p","0","Share Process","Stopped","Manual","LocalSystem","Stopped","OK","DESKTOP-TC5H5CS"
﻿"XboxGipSvc","Xbox Accessory Management Service","This service manages connected Xbox Accessories.","Xbox Accessory Management Service","Normal","C:\Windows\system32\svchost.exe -k netsvcs -p","0","Share Process","Stopped","Manual","LocalSystem","Stopped","OK","DESKTOP-TC5H5CS"
﻿"XboxNetApiSvc","Xbox Live A","AȤ䴩 Windows.Networking.XboxLive ε{}oC","Xbox Live A","Normal","C:\Windows\system32\svchost.exe -k netsvcs -p","0","Share Process","Stopped","Manual","LocalSystem","Stopped","OK","DESKTOP-TC5H5CS"
﻿"AarSvc_10ac243","Agent Activation Runtime_10ac243","Runtime for activating conversational agent applications","Agent Activation Runtime_10ac243","Normal","C:\Windows\system32\svchost.exe -k AarSvcGroup -p","0","Unknown","Stopped","Manual"," ","Stopped","OK","DESKTOP-TC5H5CS"
﻿"BcastDVRUserService_10ac243","GameDVR ΪϥΪ̪A_10ac243","oϥΪ̪Aȷ|ΩCvMYɪ","GameDVR ΪϥΪ̪A_10ac243","Normal","C:\Windows\system32\svchost.exe -k BcastDVRUserService","0","Unknown","Stopped","Manual"," ","Stopped","OK","DESKTOP-TC5H5CS"
﻿"BluetoothUserService_10ac243","ŤϥΪ̤䴩A_10ac243","ŤϥΪ̪AȬCӨϥΪ̤u@qŤ\ണѾA\䴩C","ŤϥΪ̤䴩A_10ac243","Normal","C:\Windows\system32\svchost.exe -k BthAppGroup -p","0","Unknown","Stopped","Manual"," ","Stopped","OK","DESKTOP-TC5H5CS"
﻿"CaptureService_10ac243","CaptureService_10ac243","w|Is Windows.Graphics.Capture API ε{ҥοܩʿù^\C","CaptureService_10ac243","Normal","C:\Windows\system32\svchost.exe -k LocalService -p","0","Unknown","Stopped","Manual"," ","Stopped","OK","DESKTOP-TC5H5CS"
﻿"cbdhsvc_10ac243","ŶKïϥΪ̪A_10ac243","ϥΪ̪AȬOΩŶKïר","ŶKïϥΪ̪A_10ac243","Normal","C:\Windows\system32\svchost.exe -k ClipboardSvcGroup -p","5532","Unknown","Running","Manual"," ","Running","OK","DESKTOP-TC5H5CS"
﻿"CDPUserSvc_10ac243","wsu˸mxϥΪ̪A_10ac243","ϥΪ̪AȬOΩuwsu˸mxvר","wsu˸mxϥΪ̪A_10ac243","Normal","C:\Windows\system32\svchost.exe -k UnistackSvcGroup","2616","Unknown","Running","Auto"," ","Running","OK","DESKTOP-TC5H5CS"
﻿"ConsentUxUserSvc_10ac243","ConsentUX_10ac243","\ ConnectUX Pq]wsûP WiFi ܾMŤ˸mtC","ConsentUX_10ac243","Normal","C:\Windows\system32\svchost.exe -k DevicesFlow","0","Unknown","Stopped","Manual"," ","Stopped","OK","DESKTOP-TC5H5CS"
﻿"CredentialEnrollmentManagerUserSvc_10ac243","CredentialEnrollmentManagerUserSvc_10ac243","{ҵU޲z","CredentialEnrollmentManagerUserSvc_10ac243","Normal","C:\Windows\system32\CredentialEnrollmentManager.exe","0","Unknown","Stopped","Manual"," ","Stopped","OK","DESKTOP-TC5H5CS"
﻿"DeviceAssociationBrokerSvc_10ac243","DeviceAssociationBroker_10ac243","Enables apps to pair devices","DeviceAssociationBroker_10ac243","Normal","C:\Windows\system32\svchost.exe -k DevicesFlow -p","0","Unknown","Stopped","Manual"," ","Stopped","OK","DESKTOP-TC5H5CS"
﻿"DevicePickerUserSvc_10ac243","DevicePicker_10ac243","ϥΪ̪AȬOΩ޲z MiracastBDLNA M UI","DevicePicker_10ac243","Normal","C:\Windows\system32\svchost.exe -k DevicesFlow","0","Unknown","Stopped","Manual"," ","Stopped","OK","DESKTOP-TC5H5CS"
﻿"DevicesFlowUserSvc_10ac243","DevicesFlow_10ac243","\ ConnectUX Pq]wsûP WiFi ܾMŤ˸mtC","DevicesFlow_10ac243","Normal","C:\Windows\system32\svchost.exe -k DevicesFlow","0","Unknown","Stopped","Manual"," ","Stopped","OK","DESKTOP-TC5H5CS"
﻿"MessagingService_10ac243","MessagingService_10ac243","䴩²TP\઺AȡC","MessagingService_10ac243","Ignore","C:\Windows\system32\svchost.exe -k UnistackSvcGroup","0","Unknown","Stopped","Manual"," ","Stopped","OK","DESKTOP-TC5H5CS"
﻿"OneSyncSvc_10ac243","PBD_10ac243","Aȷ|PBlBsHBƾPUبLϥΪ̸ơCYAȥA̩ۨ󦹥\઺lPLε{NLkTB@C","PBD_10ac243","Ignore","C:\Windows\system32\svchost.exe -k UnistackSvcGroup","5836","Unknown","Running","Auto"," ","Running","OK","DESKTOP-TC5H5CS"
﻿"PimIndexMaintenanceSvc_10ac243","Contact Data_10ac243","sHƽssޡAHjMsHTtסCYΰΦAȡAjMGiण|]tsHTC","Contact Data_10ac243","Ignore","C:\Windows\system32\svchost.exe -k UnistackSvcGroup","5836","Unknown","Running","Manual"," ","Running","OK","DESKTOP-TC5H5CS"
﻿"PrintWorkflowUserSvc_10ac243","PrintWorkflow_10ac243","ѦCLu@y{ε{䴩CpGzAȡAiLkQCLC","PrintWorkflow_10ac243","Normal","C:\Windows\system32\svchost.exe -k PrintWorkflow","0","Unknown","Stopped","Manual"," ","Stopped","OK","DESKTOP-TC5H5CS"
﻿"UdkUserSvc_10ac243","Udk ϥΪ̪A_10ac243","Shell A","Udk ϥΪ̪A_10ac243","Normal","C:\Windows\system32\svchost.exe -k UdkSvcGroup","0","Unknown","Stopped","Manual"," ","Stopped","OK","DESKTOP-TC5H5CS"
﻿"UnistoreSvc_10ac243","User Data Storage_10ac243","BzcƨϥΪ̸ (]AsHTBƾBTPLe) xsCYΰΦAȡAϥΦƪε{iLkTB@C","User Data Storage_10ac243","Ignore","C:\Windows\System32\svchost.exe -k UnistackSvcGroup","5836","Unknown","Running","Manual"," ","Running","OK","DESKTOP-TC5H5CS"
﻿"UserDataSvc_10ac243","User Data Access_10ac243","NﵲcƨϥΪ̸ (]AsHTBƾBTPLe) svѵε{CYΰΦAȡAϥΦƪε{iLkTB@C","User Data Access_10ac243","Ignore","C:\Windows\system32\svchost.exe -k UnistackSvcGroup","5836","Unknown","Running","Manual"," ","Running","OK","DESKTOP-TC5H5CS"
﻿"WpnUserService_10ac243","Windows Push Notifications User Service_10ac243","Aȸ˸ Windows qxAxѹ糧Pq䴩C䴩qjBqPlqC","Windows Push Notifications User Service_10ac243","Ignore","C:\Windows\system32\svchost.exe -k UnistackSvcGroup","3316","Unknown","Running","Auto"," ","Running","OK","DESKTOP-TC5H5CS"
